,Prd Date,Case Number,road,intersection,number injured,fatal indicator,local codes,Day of Week,Time,"Contributing Factor Primary
",Contributing Factor Secondary,CTV,lat,long,seconds_since,month
0,01/01/2022,S8S115DZNFJH,CODDINGTON ROAD,,0,N,S21-00012,SATURDAY,06:00,61.0,77.0,5551,42.3641481,-76.4149224,21600.0,1
1,01/01/2022,S8S120DZMN8X,EAST SHORE DRIVE,,0,N,S22-00002,SATURDAY,00:24,61.0,77.0,5523,42.4977529,-76.5098078,1440.0,1
2,01/02/2022,S8S118DZS448,LUCE ROAD,TOWLINE ROAD,0,N,S22-00046,SUNDAY,09:21,66.0,77.0,5556,42.3849376,-76.5363865,33660.0,1
3,01/02/2022,S8S107DZT2VK,BOSTWICK ROAD,,0,N,S22-00060,SUNDAY,17:06,19.0,66.0,5553,42.4227499,-76.5793917,61560.0,1
4,01/02/2022,S8DEP2F0JKLV,BOSTWICK ROAD,,0,N,S22-00060,SUNDAY,17:06,19.0,66.0,5553,42.4227499,-76.5793917,61560.0,1
5,01/03/2022,S8S107DZX2TG,FALL CREEK ROAD,MAIN STREET,0,N,S22-00125,Monday,15:30,7.0,17.0,5521,42.4962636,-76.3709838,55800.0,1
6,01/03/2022,S8S114DZWG3T,WARREN ROAD,CHERRY ROAD,1,N,S21-00109,Monday,10:51,7.0,77.0,5556,42.5008179,-76.4788799,39060.0,1
7,01/04/2022,S8S114F01WKC,EAST SHORE DRIVE,,0,N,S22-00186,TUESDAY,20:07,61.0,77.0,5523,42.4977529,-76.5098078,72420.0,1
8,01/04/2022,S8S107F01MBB,AUBURN ROAD,,0,N,S22-00184,TUESDAY,18:02,61.0,77.0,5556,42.5823945,-76.4930027,64920.0,1
9,01/04/2022,S8DEP3F01M3P,WEST DANBY ROAD,,1,N,S22-00177,TUESDAY,15:37,2.0,77.0,5551,42.3406625,-76.5354786,56220.0,1
10,01/04/2022,S8S107F01PXZ,FALL CREEK ROAD,,0,N,S22-00185,TUESDAY,18:44,61.0,77.0,5552,42.5286482,-76.3187472,67440.0,1
11,01/05/2022,S8S118F03X9T,RIDGE ROAD,BECKWITH LN,1,N,S22-00210,Wednesday,11:04,13.0,77.0,5556,42.5590596,-76.5558728,39840.0,1
12,01/05/2022,S8S112F03WL9,LOCKE ROAD,,0,N,S22-00209,WEDNESDAY,10:54,19.0,77.0,5556,42.6152332,-76.4717375,39240.0,1
13,01/06/2022,S8S120F06H08,PERU SOUTH LANSING ROAD,,0,N,S22-00235,Thursday,06:15,10.0,77.0,5552,-9.189967,-75.015152,22500.0,1
14,01/06/2022,S8S111F08L57,EAST SHORE DRIVE,,0,N,S22-00264,THURSDAY,22:17,61.0,77.0,5523,42.4977529,-76.5098078,80220.0,1
15,01/07/2022,S8S111F0C776,NORTH TRIPHAMMER ROAD,BUSH LANE,0,N,S22-00298,FRIDAY,18:01,61.0,77.0,5523,42.494909,-76.4841414,64860.0,1
16,01/07/2022,S8S117F0BJVM,WEST JERSEY HILL RD,WEST KING RD,0,N,S21-00292,FRIDAY,12:36,19.0,77.0,5555,42.3959538,-76.5216888,45360.0,1
17,01/07/2022,S8S111F0CGTK,87 UPTOWN RD DRIVEWAY,UPTOWN RD.,0,N,S22-00301,Friday,19:52,66.0,77.0,5523,42.4797935,-76.4727817,71520.0,1
18,01/08/2022,S8S112F0GFR5,280 STEVENS ROAD,,0,N,S22-00340,SATURDAY,18:01,61.0,77.0,5554,42.564341,-76.3074089,64860.0,1
19,01/10/2022,S8S114F0NR1H,SHELDON ROAD,,0,N,S21-00413,MONDAY,17:12,61.0,99.0,5552,42.4637963,-76.4816764,61920.0,1
20,01/10/2022,S8S117F0MBWC,HAYTS RD,,0,N,S22--00395,MONDAY,06:52,61.0,77.0,5553,42.4665444,-76.5871689,24720.0,1
21,01/11/2022,S8S107F0S47H,VIRGIL ROAD,,0,N,S22-00452,TUESDAY,18:41,19.0,66.0,5552,42.4906061,-76.2710632,67260.0,1
22,01/11/2022,S8S113F0QFGH,ENFIELD FALLS ROAD,,0,N,S22-00431,TUESDAY,06:04,19.0,77.0,5555,42.4061947,-76.5822069,21840.0,1
23,01/12/2022,S8S111F0W630,TRUMANSBURG ROAD,WOOLF LANE,0,N,S22-00494,WEDNESDAY,17:36,61.0,77.0,5555,42.477703,-76.552922,63360.0,1
24,01/12/2022,S80K91F0X0J3,GROTON ROAD,,0,N,S22-00503,WEDNESDAY,23:30,61.0,77.0,5552,42.5337913,-76.3599194,84600.0,1
25,01/12/2022,S8S108F0VP9W,ASBURY ROAD,W DRYDEN ROAD,0,N,S22-00488,Wednesday,13:59,5.0,18.0,5552,42.5173595,-76.4036654,50340.0,1
26,01/12/2022,S8DEP3F110H0,DRYDEN HARFORD ROAD,BEAM HILL ROAD,0,N,S22-00493,WEDNESDAY,17:49,61.0,77.0,5552,42.4607378,-76.305559,64140.0,1
27,01/12/2022,S8S120F0VXDN,PERU SOUTH LANSING ROAD,,0,N,S22-00489,WEDNESDAY,15:09,61.0,77.0,5554,-9.189967,-75.015152,54540.0,1
28,01/12/2022,S8S118F0W5GC,MECKLENBURG ROAD,ENFIELD MAIN ROAD,0,N,S22-00492,Wednesday,17:20,69.0,7.0,5553,42.4331109,-76.6319858,62400.0,1
29,01/13/2022,S8S111F10GQH,FALL CREEK ROAD,,0,N,S22-00546,THURSDAY,18:27,61.0,77.0,5552,42.5286482,-76.3187472,66420.0,1
30,01/13/2022,S8S111F10JCM,FALL CREEK ROAD,,0,N,S22-00547,THURSDAY,18:40,61.0,77.0,5552,42.5286482,-76.3187472,67200.0,1
31,01/14/2022,S8S113F136FJ,STATE HIGHWAY 392,ORION DRIVE,0,N,S22-00590,FRIDAY,14:37,19.0,77.0,5552,42.4903939,-76.259781,52620.0,1
32,01/14/2022,S8S106F122R1,CODDINGTON ROAD,,1,N,S22-00571,FRIDAY,06:21,66.0,77.0,5550,42.3641481,-76.4149224,22860.0,1
33,01/15/2022,S8S115F161BW,WEST DANBY ROAD,,0,N,S22-00628,SATURDAY,12:10,64.0,77.0,5557,42.3406625,-76.5354786,43800.0,1
34,01/15/2022,S8S107F16RDD,SLATERVILLE ROAD,,0,N,S22-00637,SATURDAY,17:48,61.0,77.0,5550,42.3947362,-76.3769443,64080.0,1
35,01/16/2022,S8S113F1BHV9,EAST SHORE DRIVE,BURDICK HILL ROAD,0,N,S22-00679,SUNDAY,21:45,66.0,77.0,5556,42.4980909,-76.499882,78300.0,1
36,01/17/2022,S8S113F1CHWQ,101 DATES DR,,0,N,S22-00686,Monday,05:04,3.0,77.0,5555,42.4690356,-76.53744309999999,18240.0,1
37,01/18/2022,S8S114F1J413,GASLIGHT VILLAGE,,0,N,S22-00741,Tuesday,15:18,66.0,99.0,5523,42.4803653,-76.4748227,55080.0,1
38,01/18/2022,S8S107F1J3HB,ENFIELD MAIN ROAD,,0,Y,S22-00740,TUESDAY,15:18,11.0,10.0,5553,42.4331109,-76.6319858,55080.0,1
39,01/18/2022,S8S114F1J7HH,RIDGE ROAD,,0,N,S22-00745,Tuesday,16:30,66.0,99.0,5556,42.5735549,-76.5781092,59400.0,1
40,01/18/2022,S8S113F1JLX8,DRYDEN ROAD,,0,N,S22-00753,TUESDAY,19:12,4.0,77.0,5552,42.4704369,-76.4034517,69120.0,1
41,01/19/2022,S80K91F1L1BX,DRYDEN ROAD,,0,N,S22-00766,WEDNESDAY,06:07,66.0,77.0,5552,42.4704369,-76.4034517,22020.0,1
42,01/19/2022,S8S113F1M3JZ,STATE HIGHWAY 13,WARREN ROAD,0,N,S22-00798,Wednesday,14:00,9.0,77.0,5523,42.4885848,-76.4675805,50400.0,1
43,01/19/2022,S8S118F1MT23,DANBY ROAD,WEST MILLER ROAD,0,N,S22-00811,WEDNESDAY,19:24,61.0,77.0,5551,42.3676266,-76.4964427,69840.0,1
44,01/19/2022,S8S113F1LM2C,FALL CREEK ROAD,HERMAN ROAD,0,N,S22-00778,Wednesday,10:20,20.0,13.0,5552,42.5146387,-76.3354659,37200.0,1
45,01/21/2022,S8S106F1S0K6,DANBY ROAD,,2,N,S22-00883,FRIDAY,02:52,66.0,77.0,5551,42.3587467,-76.4833869,10320.0,1
46,01/21/2022,S8S106F1SFDH,WEST DANBY ROAD,,0,N,S22-00885,FRIDAY,05:59,66.0,77.0,5551,42.3406625,-76.5354786,21540.0,1
47,01/21/2022,S8S111F1V3GN,PERU SOUTH LANSING ROAD,,0,N,S22-000918,FRIDAY,18:31,61.0,77.0,5552,-9.189967,-75.015152,66660.0,1
48,01/21/2022,S8S107F1TP4F,SANDBANK ROAD,,0,N,S22-00900,Friday,15:33,27.0,77.0,5555,42.4057382,-76.5280003,55980.0,1
49,01/21/2022,S8S118F1V4CP,ELMIRA ROAD,,0,N,S22-00919,FRIDAY,18:54,66.0,77.0,5555,42.362536,-76.5957859,68040.0,1
50,01/21/2022,S8S107F1TXF8,DANBY ROAD,,0,N,S22-00913,FRIDAY,17:27,61.0,77.0,5555,42.3587467,-76.4833869,62820.0,1
51,01/22/2022,S8S109F1X090,PERU SOUTH LANSING ROAD,,0,N,S22-00951,SATURDAY,12:00,61.0,77.0,5556,-9.189967,-75.015152,43200.0,1
52,01/23/2022,S8S107F228L0,SLATERVILLE ROAD,BURNS RD,0,N,S22-01016,Sunday,16:33,19.0,66.0,5555,42.4091943,-76.4565359,59580.0,1
53,01/23/2022,S8S112F22491,TRUMANSBURG ROAD,IRADELL ROAD,0,N,S22-01013,SUNDAY,15:40,66.0,77.0,5558,42.4805387,-76.6268373,56400.0,1
54,01/23/2022,S8S107F22DGD,DRYDEN HARFORD ROAD,,0,N,S22-01022,SUNDAY,17:46,61.0,77.0,5552,42.4555365,-76.2797697,63960.0,1
55,01/23/2022,S8S107F229FW,SLATERVILLE ROAD,BURNS RD,0,N,S22-01019,Sunday,16:33,19.0,66.0,5555,42.4091943,-76.4565359,59580.0,1
56,01/24/2022,S8S107F25KM2,MIDLINE ROAD,,0,N,S22-01067,MONDAY,17:35,19.0,66.0,5552,42.4213104,-76.3411547,63300.0,1
57,01/25/2022,S8S115F27DQL,ELMIRA ROAD,,0,N,S21-01085,TUESDAY,06:30,61.0,77.0,5557,42.362536,-76.5957859,23400.0,1
58,01/25/2022,S8S114F296GK,SPRING STREET EXTENSION,,1,N,S22-01124,TUESDAY,20:40,13.0,99.0,5554,42.5902701,-76.4197353,74400.0,1
59,01/25/2022,S8S119F29163,EAST MAIN STREET,,0,N,S22-01122,Tuesday,19:33,27.0,16.0,5524,42.539888,-76.6551386,70380.0,1
60,01/26/2022,S8S113F2C79D,BROWN ROAD,THORNWOOD DRIVE,0,N,S22-01148,Wednesday,11:57,7.0,77.0,5523,42.4842818,-76.461153,43020.0,1
61,01/26/2022,S8S108F2BM7F,WEST DANBY ROAD,,0,N,S22-01137,Wednesday,07:00,61.0,9.0,5551,42.3406625,-76.5354786,25200.0,1
62,01/27/2022,S8S111F2GW6P,SLATERVILLE ROAD,,0,N,S22-01207,Thursday,15:05,60.0,77.0,5550,42.3947362,-76.3769443,54300.0,1
63,01/27/2022,S8S113F2FW46,NORTH STREET,ELLIS DRIVE,0,N,S22-01190,Thursday,07:46,9.0,77.0,5552,42.4996994,-76.30048,27960.0,1
64,01/27/2022,S8S111F2HLHM,DRYDEN ROAD,,0,N,S22-01223,THURSDAY,21:01,61.0,77.0,5520,42.4704369,-76.4034517,75660.0,1
65,01/27/2022,S8S118F2HKJX,MECKLENBURG ROAD,,0,N,S22-01222,THURSDAY,20:33,61.0,77.0,5555,42.4516637,-76.608651,73980.0,1
66,01/27/2022,S8S111F2H9RT,SLATERVILLE ROAD,,0,N,S22-01213,THURSDAY,18:30,61.0,77.0,5550,42.3947362,-76.3769443,66600.0,1
67,01/28/2022,S8S111F2LLBZ,PERU SOUTH LANSING ROAD,,0,N,S22-01279,FRIDAY,19:16,61.0,77.0,5552,-9.189967,-75.015152,69360.0,1
68,01/28/2022,S8DEP1F2NTM3,WEST DANBY ROAD,ELMIRA ROAD,1,N,S22-01285,FRIDAY,22:33,2.0,19.0,5555,42.362536,-76.5957859,81180.0,1
69,01/28/2022,S8S115F2JWD2,TRUMANSBURG ROAD,WOOLF LANE,0,N,S22-01248,Friday,06:18,13.0,77.0,5555,42.477703,-76.552922,22680.0,1
70,01/28/2022,S8S113F2KRJQ,ELLIS HOLLOW ROAD,,0,N,S22-01265,FRIDAY,12:53,61.0,77.0,5552,42.427384,-76.4116156,46380.0,1
71,01/28/2022,S80K91F2JD61,CREAMERY ROAD,,0,N,S22-01240,FRIDAY,02:34,18.0,77.0,5550,42.3868153,-76.3501838,9240.0,1
72,01/29/2022,S80K91F2MJ54,CAYUGA STREET,,0,N,S22-01292,Saturday,02:33,61.0,77.0,5524,42.4506529,-76.499646,9180.0,1
73,01/29/2022,S8S116F2PGHW,MILLARD HILL ROAD,BURDGE HILL ROAD,3,N,S22-01315,SATURDAY,04:46,61.0,77.0,5557,42.3783233,-76.5836916,17160.0,1
74,01/29/2022,S8S119F2Q2W8,RIDGE ROAD,,0,N,S22-01326,SATURDAY,21:29,61.0,77.0,5556,42.5735549,-76.5781092,77340.0,1
75,01/29/2022,S8S108F2NLN2,DANBY ROAD,,0,N,S22-01306,Saturday,10:11,9.0,77.0,5551,42.3587467,-76.4833869,36660.0,1
76,01/30/2022,S8S119F2SV8M,COLD SPRINGS ROAD,,0,N,S22-01357,SUNDAY,18:34,61.0,61.0,5558,42.5169228,-76.6374862,66840.0,1
77,01/30/2022,S81203F2SV4G,STATE HIGHWAY 13,,1,N,S22-01361,Sunday,18:19,64.0,13.0,5523,42.4290176,-76.5078603,65940.0,1
78,01/31/2022,S81203F2X1XB,HALSEYVILLE ROAD,,0,N,S22-01416,MONDAY,18:01,61.0,77.0,5558,42.4893081,-76.6335186,64860.0,1
79,01/31/2022,S8S113F2VPH1,SLATERVILLE ROAD,FULLER LANE,0,N,S22-01394,Monday,08:02,3.0,77.0,5550,42.3960325,-76.3463743,28920.0,1
80,02/01/2022,S8S113F30NBT,DRYDEN ROAD,STATE ROUTE 366 (DRYDEN ROAD),2,N,S22-01459,Tuesday,13:48,7.0,77.0,5552,42.4763411,-76.3871935,49680.0,2
81,02/01/2022,S8S118F318H3,TROY ROAD,,0,N,S22-01466,TUESDAY,18:16,61.0,77.0,5551,42.3925641,-76.472746,65760.0,2
82,02/01/2022,S8S111F31B89,FALL CREEK ROAD,,0,N,S22-01464,Tuesday,18:01,13.0,8.0,5521,42.5286482,-76.3187472,64860.0,2
83,02/02/2022,S80K91F32VFV,MILLARD HILL ROAD,,0,N,S22-01487,WEDNESDAY,06:27,61.0,77.0,5557,42.385081,-76.5964669,23220.0,2
84,02/02/2022,S8S116F33NTJ,NORTH STREET,ELLIS DRIVE,0,N,S22-01510,Wednesday,12:29,7.0,7.0,5552,42.4996994,-76.30048,44940.0,2
85,02/02/2022,S8S111F34RX9,TURKEY HILL ROAD,,0,N,S22-01523,WEDNESDAY,20:37,61.0,77.0,5552,42.4454301,-76.4290626,74220.0,2
86,02/02/2022,S8S119F34FQ2,RIDGE ROAD,,0,N,S22-01521,WEDNESDAY,18:26,61.0,77.0,5556,42.5735549,-76.5781092,66360.0,2
87,02/02/2022,S8S113F331H4,ELMIRA ROAD,TRUMBULLS CORNERS ROAD,0,N,S22-01488,Wednesday,07:22,7.0,77.0,5557,42.3861531,-76.6326935,26520.0,2
88,02/03/2022,S8S112F37776,CATHERWOOD ROAD,THE LOOP RD,0,N,S22-01553,Thursday,14:57,66.0,77.0,5523,42.4835509,-76.488883,53820.0,2
89,02/03/2022,S8S111F37G4S,WHITE CHURCH ROAD,,0,N,S22-01558,THURSDAY,16:48,66.0,77.0,5550,42.34702,-76.3890084,60480.0,2
90,02/03/2022,S8S111F379LV,WHITE CHURCH ROAD,CAROLINE DEPOT RD,0,N,S22-01554,THURSDAY,14:40,26.0,13.0,5550,42.3697377,-76.4053929,52800.0,2
91,02/04/2022,S8S107F3B7V7,PARKING LOT 806 DRYDEN RD,,0,N,S22-01578,Friday,13:26,3.0,77.0,5552,42.4704369,-76.4034517,48360.0,2
92,02/05/2022,S8S107F3G4SG,DANBY ROAD,,0,N,S22-01622,SATURDAY,19:03,61.0,77.0,5555,42.3587467,-76.4833869,68580.0,2
93,02/05/2022,S8S106F3DH3J,SLATERVILLE ROAD,,0,N,S22-01605,SATURDAY,06:14,26.0,77.0,5552,42.3947362,-76.3769443,22440.0,2
94,02/05/2022,S8DEP2F3RHHC,DANBY ROAD,,0,N,S22-01742,SATURDAY,19:03,61.0,77.0,5555,42.3587467,-76.4833869,68580.0,2
95,02/05/2022,S8DEP3F7WN57,CORTLAND ROAD,BAHAR DRIVE,0,N,S22-01613,Saturday,12:41,9.0,77.0,5552,42.5049625,-76.2882425,45660.0,2
96,02/07/2022,S8S114F3NJS4,ELLIS HOLLOW ROAD,,0,N,S22-01717,MONDAY,18:49,61.0,77.0,5552,42.427384,-76.4116156,67740.0,2
97,02/07/2022,S8S113F3LVXW,TRUMANSBURG ROAD,,1,N,S22-01693,Monday,06:18,9.0,77.0,5555,42.4914674,-76.5883927,22680.0,2
98,02/07/2022,S8S114F3NG43,PERU ROAD,,0,N,S22-01714,MONDAY,18:16,61.0,77.0,5554,42.5665431,-76.3647589,65760.0,2
99,02/07/2022,S8S114F3N5HT,DRYDEN ROAD,,1,N,S22-01710,Monday,15:44,9.0,7.0,5552,42.4704369,-76.4034517,56640.0,2
100,02/07/2022,S8S106F3LS3N,STATE HIGHWAY 34,,0,N,S22-01692,MONDAY,05:32,61.0,77.0,5556,42.4435495,-76.5106326,19920.0,2
101,02/08/2022,S8S115F3RPT9,ASBURY ROAD,,0,N,S22-01756,TUESDAY,06:46,61.0,77.0,5556,42.5248383,-76.4704781,24360.0,2
102,02/08/2022,S8S114F3RK1P,STATE HIGHWAY 96,HALSEYVILLE ROAD,0,N,S22-01748,Tuesday,17:46,7.0,77.0,5558,42.4893081,-76.6335186,63960.0,2
103,02/08/2022,S8S114F3RSB6,STATE HIGHWAY 227,,0,N,S22-01754,TUESDAY,18:04,25.0,61.0,5558,42.5188688,-76.6873564,65040.0,2
104,02/08/2022,S80K91F3PMCW,CLARK STREET,,0,N,S22-01732,Tuesday,01:57,27.0,77.0,5522,42.6072743,-76.3275886,7020.0,2
105,02/09/2022,S8S116F3V06W,DRYDEN ROAD,GEORGE ROAD,0,N,S22-01780,Wednesday,11:29,7.0,77.0,5552,42.4953511,-76.3286602,41340.0,2
106,02/09/2022,S8S116F3TP32,CORTLAND ROAD,,1,N,S22-01776,Wednesday,09:16,9.0,77.0,5552,42.5928027,-76.3099663,33360.0,2
107,02/09/2022,S8S114F3VM3K,TRUMANSBURG ROAD,HARRIS B DATES DR,0,N,S22-01790,Wednesday,16:27,7.0,13.0,5555,42.4706755,-76.539689,59220.0,2
108,02/09/2022,S8S116F3TJ68,DRYDEN ROAD,,0,N,S22-01775,Wednesday,08:21,9.0,77.0,5552,42.4704369,-76.4034517,30060.0,2
109,02/10/2022,S8S115F3WM0M,DANBY ROAD,,0,N,S22-01802,THURSDAY,23:49,61.0,77.0,5551,42.3587467,-76.4833869,85740.0,2
110,02/10/2022,S8S112F402CP,RIDGE ROAD,,0,N,S22-01861,THURSDAY,18:11,61.0,77.0,5556,42.5735549,-76.5781092,65460.0,2
111,02/10/2022,S8S111F3Z5N5,IRISH SETTLEMENT ROAD,FERGUSON RD,0,N,S22-01833,THURSDAY,11:35,61.0,77.0,5552,42.4822951,-76.3207229,41700.0,2
112,02/11/2022,S81203F43FCH,THE LOOP RD,THE LOOP RD,0,N,S22-01926,Friday,19:33,9.0,77.0,5523,42.4835509,-76.488883,70380.0,2
113,02/11/2022,S8S115F41S9H,DANBY ROAD,,0,N,S22-01890,FRIDAY,06:50,61.0,77.0,5551,42.3587467,-76.4833869,24600.0,2
114,02/11/2022,S8S107F43H0C,RIDGE ROAD,,0,N,S22-01928,FRIDAY,20:06,61.0,77.0,5556,42.5735549,-76.5781092,72360.0,2
115,02/11/2022,S81203F4385J,STATE HIGHWAY 13,,0,N,S22-01920,FRIDAY,18:19,61.0,77.0,5552,42.4290176,-76.5078603,65940.0,2
116,02/12/2022,S8S107F46PNL,RIDGE ROAD,,0,N,S22-02011,SATURDAY,20:15,61.0,77.0,5556,42.5735549,-76.5781092,72900.0,2
117,02/12/2022,S8S112F46K2S,MECKLENBURG ROAD,,0,N,S22-02002,SATURDAY,18:59,61.0,77.0,5555,42.4516637,-76.608651,68340.0,2
118,02/13/2022,S8S111F47H8V,RIDGE ROAD,JERRY SMITH RD,0,N,S22-02037,SUNDAY,01:59,13.0,19.0,5556,42.594116,-76.575085,7140.0,2
119,02/13/2022,S8S112F49PWS,COMFORT ROAD,,0,N,S22-02065,SUNDAY,18:44,61.0,77.0,5551,42.3598619,-76.5062134,67440.0,2
120,02/14/2022,S8S117F4CFT7,RTE 34/96,THOMAS RD,0,N,S22-02115,MONDAY,07:27,61.0,77.0,5557,42.4100992,-76.380032,26820.0,2
121,02/14/2022,S8S114F4D2VL,PERUVILLE ROAD,,0,N,S22-02119,MONDAY,09:38,19.0,66.0,5556,42.5473782,-76.3951711,34680.0,2
122,02/14/2022,S8S115F4DLLV,VAN KIRK ROAD,,0,N,S22-02126,MONDAY,16:10,61.0,77.0,5557,42.3157631,-76.6008443,58200.0,2
123,02/15/2022,S8S120F4JR0L,EAST SHORE DRIVE,,0,N,S22-02191,TUESDAY,23:29,61.0,77.0,5556,42.4977529,-76.5098078,84540.0,2
124,02/15/2022,S8S114F4GHDC,VANKIRK ROAD,,0,N,S22-02156,TUESDAY,06:14,61.0,77.0,5557,42.3157631,-76.6008443,22440.0,2
125,02/15/2022,S8S114F4HTKP,CATHERWOOD ROAD,,0,N,S21-02179,Tuesday,16:35,7.0,77.0,5523,42.4837477,-76.4868685,59700.0,2
126,02/15/2022,S8S113F4HJN2,DRIVEWAY,NORTH TRIPHAMMER ROAD,0,N,S22-02175,Tuesday,14:28,4.0,77.0,5523,42.5054774,-76.490818,52080.0,2
127,02/15/2022,S80K91F4GD9H,STATE HIGHWAY 13,,0,N,S22-02154,Tuesday,05:58,7.0,77.0,5552,42.4290176,-76.5078603,21480.0,2
128,02/15/2022,S8S113F4H45W,STATE HIGHWAY 13,,0,N,S22-02168,Tuesday,11:33,4.0,77.0,5523,42.4290176,-76.5078603,41580.0,2
129,02/15/2022,S8S115F4J93P,ELM STREET EXT,,0,N,S22-02183,TUESDAY,19:46,61.0,77.0,5555,42.5855167,-76.306947,71160.0,2
130,02/15/2022,S8S117F4H3HN,150 BOSTWICK RD,BOSTWICK RD,0,N,S22-02166,Tuesday,10:51,3.0,77.0,5555,42.4227499,-76.5793917,39060.0,2
131,02/16/2022,S8S115F4M77B,PINE TREE ROAD,PLAZA,0,N,S22-02228,Wednesday,17:36,7.0,99.0,5555,42.4575747,-76.5488232,63360.0,2
132,02/17/2022,S80K91F4N56W,STATE HIGHWAY 13,,0,N,S22-02243,THURSDAY,01:07,61.0,77.0,5552,42.4290176,-76.5078603,4020.0,2
133,02/17/2022,S8S114F4QD5D,TAUGHANNOCK BOULEVARD,KRAFT ROAD,0,N,S22-02272,THURSDAY,17:43,61.0,77.0,5558,42.5168791,-76.592807,63780.0,2
134,02/17/2022,S80K91F4NP50,CODDINGTON ROAD,,0,N,S22-02250,THURSDAY,04:50,61.0,77.0,5550,42.3641481,-76.4149224,17400.0,2
135,02/17/2022,S8S118F4QCDL,STATE HIGHWAY 13,,0,N,S22-02270,THURSDAY,16:45,27.0,99.0,5555,42.4290176,-76.5078603,60300.0,2
136,02/18/2022,S8S108F4T3QT,CATHERWOOD ROAD,CATHERWOOD RD,0,N,S22-02314,Friday,14:03,4.0,7.0,5523,42.4837477,-76.4868685,50580.0,2
137,02/18/2022,S8S119F4TKQR,WATERWAGON ROAD,EAST SHORE DRIVE,0,N,S22-02322,FRIDAY,09:00,19.0,77.0,5556,42.4977529,-76.5098078,32400.0,2
138,02/19/2022,S8S116F4WSCV,NORTH TRIPHAMMER ROAD,ASBURY ROAD,0,N,S22-02360,Saturday,10:23,77.0,99.0,5556,42.5248383,-76.4704781,37380.0,2
139,02/19/2022,S8S119F4XWF9,STATE HIGHWAY 13,HANSHAW ROAD,0,N,S22-02373,Saturday,18:51,7.0,77.0,5552,42.4672637,-76.4599749,67860.0,2
140,02/20/2022,S8S118F526CD,ELMIRA ROAD,,0,N,S22-02419,SUNDAY,19:20,61.0,77.0,5557,42.362536,-76.5957859,69600.0,2
141,02/20/2022,S8S120F4ZLW9,STATE HIGHWAY 13,,0,N,S22-02381,SUNDAY,00:02,61.0,77.0,5523,42.4290176,-76.5078603,120.0,2
142,02/21/2022,S8S111F55C1B,SLATERVILLE ROAD,,0,N,S22-02454,MONDAY,18:50,61.0,77.0,5555,42.3947362,-76.3769443,67800.0,2
143,02/22/2022,S8S115F56N4X,PERU SOUTH LANSING ROAD,,0,N,S22-02472,TUESDAY,04:46,61.0,77.0,5554,-9.189967,-75.015152,17160.0,2
144,02/23/2022,S8S117F5B7T2,SOUTH DANBY ROAD,,0,N,S22-02504,WEDNESDAY,06:44,61.0,77.0,5551,42.2972452,-76.4392953,24240.0,2
145,02/23/2022,S8S111F5D5C6,MAIN STREET,,0,N,S22-02529,WEDNESDAY,22:02,61.0,77.0,5521,42.4962636,-76.3709838,79320.0,2
146,02/24/2022,S8S112F5GH7Z,40 CATHERWOOD ROAD,,0,N,S22-02559,Thursday,15:21,3.0,4.0,5556,42.4835813,-76.49137080000001,55260.0,2
147,02/25/2022,S8S120F5JT8L,HAYTS ROAD,,0,N,S22-02588,Friday,09:00,69.0,77.0,5555,42.4665444,-76.5871689,32400.0,2
148,02/25/2022,S8S106F5JL2T,WARREN ROAD,,0,N,S22-02586,FRIDAY,07:19,66.0,77.0,5556,42.4885848,-76.4675805,26340.0,2
149,02/26/2022,S8S117F5NKJH,HALSEYVILLE RD,,0,N,S22-02645,Saturday,13:10,77.0,77.0,5558,42.4893081,-76.6335186,47400.0,2
150,02/26/2022,S8S119F5PHCH,TAUGHANNOCK BOULEVARD,,0,N,S22-02655,SATURDAY,19:57,61.0,77.0,5558,42.5385068,-76.5911337,71820.0,2
151,02/26/2022,S8DEP3F5MMCD,COX ROAD,,0,N,S22-02632,SATURDAY,01:27,2.0,4.0,5557,42.3457385,-76.6105773,5220.0,2
152,02/27/2022,S8S114F5SFP1,PERU SOUTH LANSING ROAD,,0,N,S22-02689,SUNDAY,17:49,66.0,19.0,5552,-9.189967,-75.015152,64140.0,2
153,02/27/2022,S8DEP2F7F0MJ,NORTH WOOD ROAD,,0,N,S22-02695,SUNDAY,21:10,2.0,77.0,5552,42.5400672,-76.3953073,76200.0,2
154,02/27/2022,S8S114F5SN2G,DAVIS ROAD,,0,N,S22-02695,SUNDAY,18:58,66.0,19.0,5554,42.5735836,-76.2926982,68280.0,2
155,02/28/2022,S8S108F5VPZF,WEST DANBY ROAD,,0,N,S22-02727,MONDAY,11:04,61.0,77.0,5551,42.3406625,-76.5354786,39840.0,2
156,02/28/2022,S8S118F5WH9Z,W DANBY ROAD,,0,N,S22-02736,Monday,07:43,99.0,99.0,5557,42.3406625,-76.5354786,27780.0,2
157,03/01/2022,S8S111F60V83,NORTH TRIPHAMMER ROAD,NYS ROUTE 13,1,N,S22-02785,Tuesday,18:16,4.0,77.0,5523,42.4290176,-76.5078603,65760.0,3
158,03/01/2022,S8S112F60QLD,1 BELLA VISTA DRIVE,,0,N,S22-02783,Tuesday,16:52,99.0,99.0,5555,42.4155054,-76.50474249999999,60720.0,3
159,03/01/2022,S8S113F5ZM8V,VANKIRK ROAD,,0,N,S22-02766,TUESDAY,09:19,61.0,77.0,5557,42.3157631,-76.6008443,33540.0,3
160,03/01/2022,S80K91F5Z4BK,ELMIRA ROAD,,0,N,S22-02763,TUESDAY,05:29,61.0,77.0,5557,42.362536,-76.5957859,19740.0,3
161,03/02/2022,S8S112F63XNN,SHEFFIELD ROAD,MECKLENBURG ROAD,1,N,S22-02833,WEDNESDAY,17:17,5.0,28.0,5553,42.4516637,-76.608651,62220.0,3
162,03/03/2022,S8S118F67PM1,TAUGHANNOCK BOULEVARD,,0,N,S22-2897,THURSDAY,21:12,61.0,77.0,5555,42.5385068,-76.5911337,76320.0,3
163,03/03/2022,S80K91F67X9D,SNYDER HILL ROAD,,0,N,S22-02899,THURSDAY,23:19,61.0,77.0,5552,42.417022,-76.4160545,83940.0,3
164,03/03/2022,S8S105F677TJ,PERU SOUTH LANSING ROAD,,0,N,S22-02890,THURSDAY,18:20,61.0,77.0,5554,-9.189967,-75.015152,66000.0,3
165,03/03/2022,S8S111F67HFS,STATE HIGHWAY 13,LOWER CREEK ROAD,2,N,S22-02894,Thursday,20:04,7.0,77.0,5552,42.476907,-76.4065461,72240.0,3
166,03/04/2022,S8S108F69G1N,NORTH LANSING SCHOOL ROAD,,0,N,S22-02947,FRIDAY,10:31,19.0,27.0,5556,42.6027134,-76.4771546,37860.0,3
167,03/06/2022,S8S119F6JTC1,TAUGHANNOCK BOULEVARD,,0,N,S22-03083,SUNDAY,18:05,61.0,77.0,5558,42.5385068,-76.5911337,65100.0,3
168,03/07/2022,S8S114F6M2P4,PARKING LOT PLAZA,,0,N,S22-03108,Monday,10:45,3.0,77.0,5555,42.4575747,-76.5488232,38700.0,3
169,03/07/2022,S8S118F6N1VL,TAUGHANNOCK PARK ROAD,TRUMANSBURG ROAD,0,N,S22-03126,Monday,17:22,3.0,4.0,5558,42.4914674,-76.5883927,62520.0,3
170,03/08/2022,S8S113F6QQX3,DRIVEWAY,N TRIPHAMMER ROAD,0,N,S22-03169,TUESDAY,14:05,4.0,77.0,5523,42.5054774,-76.490818,50700.0,3
171,03/08/2022,S8S113F6PLQC,WEST DRYDEN ROAD,,0,N,S22-03146,TUESDAY,05:44,60.0,66.0,5552,42.5173595,-76.4036654,20640.0,3
172,03/08/2022,S8S105F6RB96,DANBY ROAD,,0,N,S22-03177,TUESDAY,18:49,61.0,77.0,5555,42.3587467,-76.4833869,67740.0,3
173,03/08/2022,S8S112F6RBR0,HARFORD ROAD,,0,N,S22-03176,TUESDAY,18:44,61.0,77.0,5550,42.3992569,-76.2952881,67440.0,3
174,03/08/2022,S8S115F6PTSG,LOCKE ROAD,,0,N,S22-03148,TUESDAY,07:26,66.0,77.0,5556,42.6152332,-76.4717375,26760.0,3
175,03/09/2022,S80K91F6V3GV,LOCKE ROAD,OLD STAGE ROAD,0,N,S22-03221,Wednesday,15:29,7.0,77.0,5554,42.6000383,-76.3205147,55740.0,3
176,03/09/2022,S8S113F6THLF,MIDLINE ROAD,,0,N,S22-03214,WEDNESDAY,11:32,66.0,4.0,5552,42.4213104,-76.3411547,41520.0,3
177,03/09/2022,S8S112F6VCD1,LOCKE ROAD,,0,N,S22-03223,WEDNESDAY,17:07,66.0,77.0,5554,42.6152332,-76.4717375,61620.0,3
178,03/09/2022,S8S108F6TVSJ,GRIFFIN ROAD,,2,N,,WEDNESDAY,13:45,19.0,66.0,5553,42.396352,-76.65982,49500.0,3
179,03/09/2022,S102F6VBJ7,TAUGHANNOCK BOULEVARD,,0,N,S22-03225,WEDNESDAY,16:55,66.0,77.0,5558,42.5385068,-76.5911337,60900.0,3
180,03/09/2022,S8S112F6VJK2,COBB STREET,TALMADGE ROAD,0,N,S22-03229,WEDNESDAY,18:49,61.0,77.0,5554,42.6112787,-76.4515304,67740.0,3
181,03/10/2022,S8S119F6ZKWJ,NORTH TRIPHAMMER ROAD,,0,N,S22-03269,THURSDAY,17:46,61.0,77.0,5556,42.5054774,-76.490818,63960.0,3
182,03/10/2022,S8DEP3F702RJ,SALEM DRIVE,DEERFIELD PLACE,0,N,S22-03271,THURSDAY,07:15,2.0,18.0,5555,42.474947,-76.456915,26100.0,3
183,03/10/2022,S80K91F6ZFZG,950 DANBY ROAD- ROGAN'S CORNER,,0,N,S22-3264,Thursday,16:37,3.0,77.0,5555,42.42049300000001,-76.50330819999999,59820.0,3
184,03/10/2022,S8S116F6W9GT,PERU SOUTH LANSING ROAD,OLD PERUVILLE ROAD,0,N,S22-03236,THURSDAY,00:43,4.0,77.0,5554,42.5503096,-76.3735835,2580.0,3
185,03/11/2022,S80K91F72XXR,DANBY ROAD,,0,N,S22-03321,FRIDAY,18:45,61.0,77.0,5551,42.3587467,-76.4833869,67500.0,3
186,03/11/2022,S8S114F73C0T,DRYDEN ROAD,STATE ROUTE 366,0,N,S22-03325,Friday,21:52,7.0,17.0,5552,42.4687236,-76.4091972,78720.0,3
187,03/12/2022,S80K91F75XKZ,HUNGERFORD ROAD,,0,N,S22-03353,SATURDAY,17:27,66.0,77.0,5552,42.4286548,-76.4338286,62820.0,3
188,03/12/2022,S8S111F75X30,DANBY ROAD,,0,N,S22-03352,Saturday,17:12,4.0,77.0,5551,42.3587467,-76.4833869,61920.0,3
189,03/12/2022,S8S117F74LQ6,RTE 89,,0,N,S22-03338,SATURDAY,07:16,66.0,77.0,5558,42.5401278,-76.5928656,26160.0,3
190,03/12/2022,S8S112F75FMK,DRYDEN ROAD,,0,N,S22-03349,SATURDAY,13:55,66.0,77.0,5552,42.4704369,-76.4034517,50100.0,3
191,03/13/2022,S8S106F77F6J,GEE HILL ROAD,W STATE ROAD,0,N,S22-03360,SUNDAY,03:49,4.0,66.0,5552,42.4392893,-76.5072103,13740.0,3
192,03/13/2022,S8S111F784HF,SHERATON DRIVE,,0,N,S22-03368,Sunday,09:51,3.0,4.0,5523,42.4782236,-76.4803749,35460.0,3
193,03/13/2022,S8S112F7824N,WARREN ROAD,,0,N,S22-03367,SUNDAY,08:27,4.0,66.0,5555,42.4885848,-76.4675805,30420.0,3
194,03/13/2022,S8S106F77CPJ,GEE HILL ROAD,W STATE ROAD,0,N,S22-03360,SUNDAY,03:49,66.0,4.0,5552,42.4392893,-76.5072103,13740.0,3
195,03/14/2022,S8S114F7D71P,NORTH LANSING SCHOOL ROAD,,0,N,S22-03413,Monday,16:29,13.0,19.0,5556,42.6027134,-76.4771546,59340.0,3
196,03/14/2022,S8S116F7BZS6,PERU SOUTH LANSING ROAD,,0,N,S22-03394,MONDAY,06:55,61.0,77.0,5554,-9.189967,-75.015152,24900.0,3
197,03/14/2022,S8S107F7CL54,GRAHAM ROAD WEST,,0,N,S22-03409,Monday,11:51,3.0,18.0,5556,42.4860381,-76.4880997,42660.0,3
198,03/15/2022,S8S115F7FMWC,STATE HIGHWAY 96,,0,N,S22-03423,TUESDAY,03:15,61.0,77.0,5558,42.4057937,-76.5454257,11700.0,3
199,03/15/2022,S8S118F7HG3P,FOREST HOME DRIVE,,0,N,S22-03450,Tuesday,16:55,19.0,27.0,5555,42.4524604,-76.4638637,60900.0,3
200,03/15/2022,S8DEP3F7JTR6,IRISH SETTLEMENT ROAD,,1,N,S22-03456,TUESDAY,20:17,2.0,19.0,5552,42.4577481,-76.3183001,73020.0,3
201,03/16/2022,S8S114F7KLD0,PERRY CITY ROAD,,0,N,S22-03474,WEDNESDAY,09:06,61.0,77.0,5558,42.4950539,-76.6185,32760.0,3
202,03/16/2022,S8S112F7LJ2M,STATE HIGHWAY 13,WARREN RD,0,N,S22-03489,Wednesday,15:50,9.0,4.0,5523,42.4885848,-76.4675805,57000.0,3
203,03/16/2022,S8DEP2F7MFMT,PODUNK ROAD,AIKEN ROAD,0,N,S22-03505,WEDNESDAY,21:30,61.0,77.0,5553,42.464177,-76.661677,77400.0,3
204,03/16/2022,S8S109F7LWGN,DANBY ROAD,,0,N,S22-03497,WEDNESDAY,18:42,61.0,77.0,5555,42.3587467,-76.4833869,67320.0,3
205,03/16/2022,S8S115F7K7F7,RUMSEY HILL ROAD,,0,N,S22-03468,WEDNESDAY,05:58,69.0,77.0,5553,42.406241,-76.646908,21480.0,3
206,03/17/2022,S8S107F7P3LX,RIDGE ROAD,,0,N,S22-03536,THURSDAY,10:42,61.0,77.0,5556,42.5735549,-76.5781092,38520.0,3
207,03/17/2022,S80K91F7Q1SC,ELMIRA ROAD,TRACTOR SUPPLY ENTRANCE/EXIT,0,N,S22-03549,Thursday,18:11,17.0,77.0,5501,42.4575747,-76.5488232,65460.0,3
208,03/18/2022,S8S107F7SK47,NORTH TRIPHAMMER ROAD,,0,N,S22-03618,Friday,12:56,7.0,13.0,5556,42.5054774,-76.490818,46560.0,3
209,03/19/2022,S8SGT2F8C0ZB,ELMIRA ROAD,TEST ROAD,0,Y,S22-03674,Saturday,01:18,13.0,99.0,5557,42.346046,-76.6249409,4680.0,3
210,03/19/2022,S8S117F7W23C,BENJAMIN HILL RD,,0,N,S22-03680,SATURDAY,07:25,61.0,77.0,5557,42.3428975,-76.5889776,26700.0,3
211,03/19/2022,S8S112F7WV7L,BUFFALO ROAD,,0,N,S22-03692,SATURDAY,14:03,19.0,15.0,5550,42.3778259,-76.3233525,50580.0,3
212,03/19/2022,S8S109F7XH8D,PARKING LOT,,0,N,S22-03702,Saturday,18:42,3.0,77.0,5523,42.4575747,-76.5488232,67320.0,3
213,03/19/2022,S8S109F7X65Q,DRIVEWAY,,0,N,S22-03699,Saturday,16:10,20.0,77.0,5523,42.4575747,-76.5488232,58200.0,3
214,03/19/2022,S8SGT2FHLPXK,ELMIRA ROAD,TEST ROAD,0,Y,S22-03674,Saturday,01:18,13.0,99.0,5557,42.346046,-76.6249409,4680.0,3
215,03/19/2022,S8S106F7VCL7,ELMIRA ROAD,TEST ROAD,0,Y,S22-03674,Saturday,01:18,,,5557,42.346046,-76.6249409,4680.0,3
216,03/19/2022,S8SGT2F8K345,ELMIRA ROAD,TEST ROAD,0,Y,S22-03674,Saturday,01:18,13.0,99.0,5557,42.346046,-76.6249409,4680.0,3
217,03/20/2022,S8S116F7ZT38,ELMIRA ROAD,,0,N,S22-03728,Sunday,03:55,61.0,77.0,5557,42.362536,-76.5957859,14100.0,3
218,03/20/2022,S8S114F81CMK,COBB STREET,,0,N,S22-03745,Sunday,15:52,69.0,3.0,5554,42.581327,-76.4441454,57120.0,3
219,03/20/2022,S8S114F81K2K,EAST SHORE DRIVE,,2,Y,S22-03749,SUNDAY,17:10,13.0,60.0,5555,42.4977529,-76.5098078,61800.0,3
220,03/21/2022,S8S109F84Q1Q,WARREN ROAD,DURCH MILL ROAD,0,N,S22-03785,Monday,17:12,9.0,77.0,5556,42.5078546,-76.4685692,61920.0,3
221,03/21/2022,S8S109F84KH2,SEVEN MILE DRIVE,,0,N,S22-03780,MONDAY,15:18,18.0,99.0,5555,42.4154635,-76.5419739,55080.0,3
222,03/21/2022,S8S113F83QL9,MAIN STREET,ETNA LANE,0,N,S22-03766,Monday,09:38,7.0,77.0,5552,42.4832379,-76.3800162,34680.0,3
223,03/22/2022,S8S107F86F2Q,CORTLAND ROAD,SALT ROAD,0,N,S22-03806,Tuesday,05:51,4.0,77.0,5554,42.5906587,-76.3241474,21060.0,3
224,03/23/2022,S8S113F88XXT,MECKLENBURG ROAD,,0,N,S22-03849,WEDNESDAY,01:10,61.0,77.0,5553,42.4516637,-76.608651,4200.0,3
225,03/23/2022,S8S107F89PBD,MYERS ROAD,LEROY AVENUE,0,N,S22-03854,WEDNESDAY,06:24,61.0,77.0,5556,42.5399081,-76.5403248,23040.0,3
226,03/26/2022,S8S109F8SZ01,TROY ROAD,,0,N,S22-04014,SATURDAY,19:26,2.0,13.0,5551,42.3925641,-76.472746,69960.0,3
227,03/27/2022,S8S113F8PPQV,ELMIRA ROAD,,0,N,S22-04023,Sunday,00:10,99.0,77.0,5555,42.362536,-76.5957859,600.0,3
228,03/27/2022,S8S113F8RB3D,BROOKTONDALE ROAD,,0,N,S22-04043,Sunday,12:26,18.0,4.0,5550,42.3885693,-76.408205,44760.0,3
229,03/28/2022,S8S108F8V9MX,WHITE CHURCH ROAD,VALLEY ROAD,0,N,S22-04103,MONDAY,10:42,66.0,77.0,5550,42.435907,-76.4809049,38520.0,3
230,03/28/2022,S8S111F8V348,FREEVILLE ROAD,GEORGE RD,2,N,S22-04096,Monday,09:13,7.0,66.0,5552,42.4953511,-76.3286602,33180.0,3
231,03/28/2022,S8S108F8V34D,WARREN ROAD,HANSHAW RD,0,N,S22-04098,Monday,09:31,9.0,66.0,5555,42.4672637,-76.4599749,34260.0,3
232,03/28/2022,S8S117F8V7X3,EAST KING RD,RTE 96B,0,N,S22-04101,MONDAY,10:30,66.0,77.0,5555,42.3382547,-76.4567351,37800.0,3
233,03/28/2022,S8S113F8V17Q,NORTH TRIPHAMMER ROAD,CATHERWOOD ROAD,0,N,S22-04095,Monday,08:57,66.0,77.0,5523,42.4837477,-76.4868685,32220.0,3
234,03/29/2022,S8S108F8Z3MR,DRYDEN ROAD,MINEAH ROAD,3,N,S22-04128,Tuesday,08:04,7.0,77.0,5552,42.4607475,-76.3647911,29040.0,3
235,03/29/2022,S8S111F8Z0SP,TRUMANSBURG ROAD,DUBOIS RD,0,N,S22-04127,Tuesday,07:31,9.0,4.0,5555,42.4965258,-76.556314,27060.0,3
236,03/29/2022,S8S118F905F8,FIVE MILE DRIVE,ELMIRA ROAD,0,N,S22-04142,Tuesday,15:35,4.0,9.0,5555,42.362536,-76.5957859,56100.0,3
237,04/01/2022,S8S118F9B97D,ELMIRA ROAD,PARK ROAD,0,N,S22-04271,FRIDAY,19:58,61.0,77.0,5555,42.4575747,-76.5488232,71880.0,4
238,04/03/2022,S8S115F9H0L6,PENNSYLVANIA AVENUE EXTENSION,,0,N,S22-04332,SUNDAY,07:16,69.0,3.0,5555,42.5322356,-76.6649179,26160.0,4
239,04/03/2022,S8S115F9JP6S,CODDINGTON ROAD,,0,N,S22-04349,SUNDAY,20:08,61.0,77.0,5551,42.3641481,-76.4149224,72480.0,4
240,04/03/2022,S8S119F9G942,SHAFFER ROAD,,0,N,S22-04322,SUNDAY,01:46,61.0,77.0,5557,42.319418,-76.564601,6360.0,4
241,04/04/2022,S8S120F9M3HG,SHEFFIELD ROAD,,0,N,S22-04376,MONDAY,14:00,61.0,77.0,5555,42.4512586,-76.5714424,50400.0,4
242,04/04/2022,S8S112F9LQ1X,NORTH TRIPHAMMER ROAD,,0,N,S22-04372,Monday,11:05,3.0,3.0,5523,42.5054774,-76.490818,39900.0,4
243,04/04/2022,S8S107F9M134,STATE HIGHWAY 13,WARREN RD,3,N,S22-4375,Monday,13:19,7.0,4.0,5523,42.4885848,-76.4675805,47940.0,4
244,04/05/2022,S8S119F9RHL4,TROY ROAD,,0,N,S22-04435,TUESDAY,23:17,61.0,77.0,5555,42.3925641,-76.472746,83820.0,4
245,04/06/2022,S8S113F9TF9D,MECKLENBURG ROAD,SHEFFIELD ROAD,0,N,S22-04452,WEDNESDAY,13:20,69.0,77.0,5553,42.4512586,-76.5714424,48000.0,4
246,04/07/2022,S8DEP3F9ZMWW,RIDGE ROAD,,1,N,S22-04515,THURSDAY,19:12,2.0,66.0,5556,42.5735549,-76.5781092,69120.0,4
247,04/07/2022,S8S111F9XDSF,COUNTY HOSPITAL RD,,0,N,S22-04501,Thursday,11:50,4.0,77.0,5555,42.4681473,-76.5381417,42600.0,4
248,04/07/2022,S80K91F9ZRDF,ELLIS HOLLOW ROAD,,1,N,S22-04517,THURSDAY,21:15,19.0,2.0,5552,42.427384,-76.4116156,76500.0,4
249,04/07/2022,S8S120F9WZJJ,NEWFIELD DEPOT ROAD,ADAMS ROAD,0,N,S22-04485,THURSDAY,00:30,27.0,77.0,5557,42.3587305,-76.5674925,1800.0,4
250,04/08/2022,S8S112FB27R0,JACKSONVILLE ROAD,,0,N,,FRIDAY,16:57,4.0,77.0,5558,42.5082206,-76.614744,61020.0,4
251,04/09/2022,S8S119FB5XGZ,RIDGE ROAD,,0,N,S22-04594,SATURDAY,20:02,61.0,77.0,5556,42.5735549,-76.5781092,72120.0,4
252,04/11/2022,S8S113FB9N25,WEST DANBY ROAD,,0,N,S22-04640,MONDAY,23:50,61.0,77.0,5551,42.3406625,-76.5354786,85800.0,4
253,04/12/2022,S8S115FBH805,UNNAMED STREET,,0,N,S22-04727,Tuesday,17:11,18.0,77.0,5555,42.4575747,-76.5488232,61860.0,4
254,04/13/2022,S8S115FBLM3C,STATE HIGHWAY 79,,0,N,S22-04772,WEDNESDAY,19:25,61.0,77.0,5553,42.4187155,-76.4558606,69900.0,4
255,04/13/2022,S8S119FBJSFL,PERU SOUTH LANSING ROAD,,0,N,S22-04745,WEDNESDAY,06:06,61.0,77.0,5554,-9.189967,-75.015152,21960.0,4
256,04/13/2022,S8S112FBLB1M,DRYDEN ROAD,RINGWOOD ROAD,0,N,S22-04769,Wednesday,17:17,9.0,77.0,5552,42.4523797,-76.3623706,62220.0,4
257,04/15/2022,S8SGT 2FBWJCR,CLARK STREET EXTENSION,LICK ST,0,N,S22-04857,FRIDAY,19:39,13.0,99.0,5554,42.5890063,-76.3433569,70740.0,4
258,04/15/2022,S8S113FBR8TV,BUNDY ROAD,,0,N,S22-04827,FRIDAY,06:15,61.0,77.0,5555,42.459851,-76.5511816,22500.0,4
259,04/15/2022,S8S112FBRMJ6,PARKING LOT,,0,N,S22-04837,Friday,08:49,3.0,4.0,5523,42.4575747,-76.5488232,31740.0,4
260,04/16/2022,S8S113FBW3PC,PARKING LOT,CINEMA DRIVE,0,N,S22-04879,Saturday,11:01,4.0,77.0,5523,42.4798363,-76.4784257,39660.0,4
261,04/16/2022,S8S112FBWFL0,NORTH TRIPHAMMER ROAD,,0,N,S22-04884,Saturday,13:26,18.0,77.0,5523,42.5054774,-76.490818,48360.0,4
262,04/16/2022,S8S112FBW5J1,PERU SOUTH LANSING ROAD,,0,N,S22-04880,SATURDAY,11:25,8.0,4.0,5554,-9.189967,-75.015152,41100.0,4
263,04/17/2022,S8S114FC1VN9,AUBURN ROAD,,1,N,S22-04936,SUNDAY,22:33,61.0,5.0,5556,42.5823945,-76.4930027,81180.0,4
264,04/18/2022,S8S109FC2V01,EAST SHORE DRIVE,,0,N,S22-04953,MONDAY,06:28,61.0,77.0,5523,42.4977529,-76.5098078,23280.0,4
265,04/18/2022,S8S109FC5P5K,RIDGE ROAD,,0,N,S22-04976,MONDAY,23:18,2.0,61.0,5556,42.5735549,-76.5781092,83880.0,4
266,04/19/2022,S8S119FC5CDN,CODDINGTON ROAD,GERMAN CROSS ROAD,0,N,S22-04978,TUESDAY,00:38,12.0,66.0,5551,42.399535,-76.439759,2280.0,4
267,04/19/2022,S8S111FC6RWK,NORTH TRIPHAMMER ROAD,,1,N,S22-04986,Tuesday,11:45,60.0,99.0,5523,42.5054774,-76.490818,42300.0,4
268,04/19/2022,S8S111FC6GHS,MAIN STREET,UPPER CREEK ROAD,0,N,S22-04983,TUESDAY,09:30,66.0,77.0,5552,42.490333,-76.3779773,34200.0,4
269,04/19/2022,S8DEP3FCWN4D,SLATERVILLE ROAD,,0,N,S22-04977,TUESDAY,00:14,99.0,77.0,5555,42.3947362,-76.3769443,840.0,4
270,04/19/2022,S8S119FC87LD,SALT ROAD,,0,N,S22-05006,TUESDAY,22:54,66.0,77.0,5554,42.5906587,-76.3241474,82440.0,4
271,04/19/2022,S8S109FC89RJ,WHITE CHURCH ROAD,,0,N,S22-05007,TUESDAY,23:10,66.0,47.0,5550,42.34702,-76.3890084,83400.0,4
272,04/20/2022,S8S112FCBPKS,DANBY ROAD,,1,N,S22-05044,Wednesday,16:59,4.0,9.0,5555,42.3587467,-76.4833869,61140.0,4
273,04/20/2022,S8S111FC9WW5,LOWER CREEK ROAD,,0,N,S22-05027,WEDNESDAY,10:30,61.0,77.0,5552,42.476907,-76.4065461,37800.0,4
274,04/20/2022,S102FCC751,HALSEYVILLE ROAD,,0,N,S22-05050,WEDNESDAY,20:41,61.0,77.0,5558,42.4893081,-76.6335186,74460.0,4
275,04/21/2022,S8S119FCGCGC,PERUVILLE ROAD,,0,N,S22-05097,THURSDAY,20:52,61.0,77.0,5554,42.5473782,-76.3951711,75120.0,4
276,04/22/2022,S8S116FCHP3J,MAIN STREET,,0,N,S22-05119,FRIDAY,06:12,61.0,77.0,5557,42.4962636,-76.3709838,22320.0,4
277,04/22/2022,S8DEP3FCL2F2,AUBURN ROAD,,1,N,S22-05154,FRIDAY,22:32,2.0,77.0,5556,42.5823945,-76.4930027,81120.0,4
278,04/23/2022,S8S113FCLT2B,STATE HIGHWAY 96,,0,N,S22-05161,SATURDAY,05:42,61.0,77.0,5558,42.4057937,-76.5454257,20520.0,4
279,04/24/2022,S8S115FCRB8M,NORTH TRIPHAMMER ROAD,WATERWAGON RD,1,N,S22-05231,Sunday,15:51,7.0,4.0,5556,42.5157642,-76.4996928,57060.0,4
280,04/25/2022,S8S112FCVFGD,WARREN ROAD,,0,N,S22-05276,Monday,15:08,4.0,9.0,5523,42.4885848,-76.4675805,54480.0,4
281,04/27/2022,S8S119FD1KT4,CODDINGTON ROAD,,0,N,S22-05357,WEDNESDAY,05:57,61.0,77.0,5550,42.3641481,-76.4149224,21420.0,4
282,04/30/2022,S8S108FDD32J,STATE HIGHWAY 96,,0,N,S22-05542,Saturday,12:21,18.0,77.0,5558,42.4057937,-76.5454257,44460.0,4
283,05/01/2022,S8S115FDJ5JB,ELMIRA ROAD,,0,N,S22-05604,SUNDAY,19:06,61.0,77.0,5557,42.362536,-76.5957859,68760.0,5
284,05/02/2022,S8S115FDMJKB,STATE HIGHWAY 227,,0,N,S22-05653,MONDAY,20:14,61.0,77.0,5558,42.5188688,-76.6873564,72840.0,5
285,05/02/2022,S8S116FDKCJN,348 CODDINGTON ROAD,,0,N,S22-05625,Monday,03:54,77.0,77.0,5555,42.4195627,-76.48425519999999,14040.0,5
286,05/03/2022,S8S119FDNT77,NELSON ROAD,,0,N,S22-05668,TUESDAY,06:18,61.0,77.0,5551,42.3862049,-76.4679369,22680.0,5
287,05/03/2022,S8S119FDPR08,PARKING LOT,,0,N,S22-05680,Tuesday,13:15,99.0,77.0,5523,42.4575747,-76.5488232,47700.0,5
288,05/03/2022,S8S115FDQW2X,MECKLENBURG ROAD,,0,N,S22-05693,TUESDAY,21:19,27.0,2.0,5555,42.4516637,-76.608651,76740.0,5
289,05/03/2022,S8S115FDPHWL,AUBURN ROAD,,1,N,S22-05675,TUESDAY,10:59,4.0,99.0,5556,42.5823945,-76.4930027,39540.0,5
290,05/04/2022,S8S119FDTJCG,DRIVEWAY,,0,N,S22-05721,Wednesday,17:35,99.0,77.0,5555,42.4575747,-76.5488232,63300.0,5
291,05/04/2022,S8S112FDV5D7,HILLCREST ROAD,STORMY VIEW DRIVE,0,N,S22-05733,WEDNESDAY,22:06,61.0,77.0,5556,42.5132809,-76.4879899,79560.0,5
292,05/05/2022,S8S113FDWLD5,BROOKTONDALE ROAD,SLATERVILLE ROAD,0,N,S22-05748,Thursday,08:48,9.0,77.0,5550,42.3947362,-76.3769443,31680.0,5
293,05/05/2022,S8S113FDW3FW,VANKIRK ROAD,,0,N,S22-05744,THURSDAY,04:56,61.0,77.0,5557,42.3157631,-76.6008443,17760.0,5
294,05/05/2022,S8S109FDZC2D,3120 NORTH TRIPHAMMER ROAD,,0,N,S22-05780,Thursday,21:57,18.0,77.0,5556,42.539133,-76.493141,79020.0,5
295,05/05/2022,S8S113FDX1ZJ,GROTON ROAD,BROOKLYN ROAD,0,N,S22-05758,Thursday,12:14,7.0,77.0,5521,42.5188668,-76.3503806,44040.0,5
296,05/06/2022,S8S109FF2S0J,SNYDER HILL ROAD,,0,N,S22-05826,FRIDAY,23:26,5.0,77.0,5552,42.417022,-76.4160545,84360.0,5
297,05/07/2022,S8S106FF44CR,40 CATHERWOOD (TARGET),,0,,S22-05840,Saturday,,,,5523,42.4851799,-76.49089049999999,,5
298,05/08/2022,S8S113FF7SC8,NORTH TRIPHAMMER ROAD,TRIPHAMMER TERRACE,0,N,S22-05892,Sunday,13:15,7.0,77.0,5556,42.5214069,-76.4855092,47700.0,5
299,05/08/2022,S8S109FF88B7,40 CATHERWOOD ROAD,,0,N,S22-05896,Sunday,16:53,18.0,99.0,5523,42.4835813,-76.49137080000001,60780.0,5
300,05/09/2022,S8S112FFC8DD,68 PINCKNEY ROAD,,0,N,S22-05950,MONDAY,15:10,15.0,77.0,5552,42.4752173,-76.40616159999999,54600.0,5
301,05/09/2022,S8S119FF9ZZV,TAUGHANNOCK BOULEVARD,,0,N,S22-05919,MONDAY,06:00,61.0,77.0,5558,42.5385068,-76.5911337,21600.0,5
302,05/10/2022,S8S120FFFC0W,WEST DANBY ROAD,,0,N,S22-05973,TUESDAY,06:50,67.0,77.0,5557,42.3406625,-76.5354786,24600.0,5
303,05/11/2022,S8S105FFKVZM,MECKLENBURG ROAD,SHEFFIELD RD,0,N,S22-06054,Wednesday,17:00,7.0,77.0,5553,42.4512586,-76.5714424,61200.0,5
304,05/11/2022,S8S109FFKV83,STATE HIGHWAY 13,,1,N,S22-06051,WEDNESDAY,15:50,8.0,10.0,5552,42.4290176,-76.5078603,57000.0,5
305,05/11/2022,S80K91FFK5SX,MAIN STREET,,1,N,S22-06038,Wednesday,11:23,64.0,77.0,5552,42.4962636,-76.3709838,40980.0,5
306,05/12/2022,S8S108FFNKX4,ELMIRA ROAD,,3,N,S22-06093,Thursday,13:11,7.0,4.0,5557,42.362536,-76.5957859,47460.0,5
307,05/13/2022,S80K91FFSC51,ELMIRA ROAD,,0,N,S22-06151,Friday,17:26,18.0,77.0,5557,42.362536,-76.5957859,62760.0,5
308,05/14/2022,S8DEP3FFTQ2D,GULF HILL ROAD,SWEETLAND RD & GULF HILL RD,0,N,S22-06168,SATURDAY,01:31,2.0,27.0,5552,42.53911189999999,-76.28145959999999,5460.0,5
309,05/14/2022,S8S112FFVZRR,PARKING LOT,,0,N,S22-06182,Saturday,13:01,9.0,77.0,5523,42.4575747,-76.5488232,46860.0,5
310,05/15/2022,S8S119FFXVFX,WEST KING ROAD,,0,N,S22-06214,SUNDAY,01:53,19.0,99.0,5555,42.3959538,-76.5216888,6780.0,5
311,05/15/2022,S8S107FFZRQG,N. TRIPHAMMER ON RAMP,TRIPHAMMER RD,0,N,S22-06225,Sunday,10:08,4.0,9.0,5523,42.4619382,-76.4830975,36480.0,5
312,05/16/2022,S8S108FG3JMW,NORTH TRIPHAMMER ROAD,RAMP,0,N,S22-06280,Monday,14:31,18.0,77.0,5523,42.4575747,-76.5488232,52260.0,5
313,05/17/2022,S8S120FG5R1Q,ELMIRA ROAD,,0,N,S22-06315,TUESDAY,06:40,61.0,77.0,5557,42.362536,-76.5957859,24000.0,5
314,05/17/2022,S109FG75JP,13 NORTH & NORTH TRIPHAMMER RO,,0,N,S22-06342,Tuesday,17:32,20.0,77.0,5523,42.5054774,-76.490818,63120.0,5
315,05/18/2022,S8S112FG99C1,PERUVILLE ROAD,SCOFIELD,3,N,S22-06371,Wednesday,09:25,7.0,17.0,5556,42.5428157,-76.4539295,33900.0,5
316,05/19/2022,S8S115FGFL5N,AUBURN ROAD,WOODSEDGE DRIVE,1,N,S22-06438,Thursday,17:51,9.0,4.0,5556,42.5349619,-76.4991632,64260.0,5
317,05/19/2022,S8S111FGDD6Q,AUBURN ROAD,NEWMAN ROAD,0,N,S22-06412,Thursday,08:45,13.0,77.0,5556,42.5972929,-76.4842004,31500.0,5
318,05/20/2022,S8S119FGJBZ9,NORTH TRIPHAMMER ROAD,,0,N,S22-06477,FRIDAY,14:40,61.0,77.0,5523,42.5054774,-76.490818,52800.0,5
319,05/20/2022,S8S118FGK874,TRUMANSBURG ROAD,,0,N,S22-06492,FRIDAY,21:33,61.0,77.0,5558,42.4914674,-76.5883927,77580.0,5
320,05/20/2022,S8S119FGGNDV,ELMIRA ROAD,,0,N,S22-06455,FRIDAY,02:06,61.0,77.0,5557,42.362536,-76.5957859,7560.0,5
321,05/20/2022,S8S112FGK8JJ,DANBY ROAD,,0,N,S22-06489,FRIDAY,20:43,61.0,77.0,5551,42.3587467,-76.4833869,74580.0,5
322,05/22/2022,S8S119FGPJ22,TAUGHANNOCK BOULEVARD,,0,N,S22-06549,SUNDAY,05:26,61.0,77.0,5558,42.5385068,-76.5911337,19560.0,5
323,05/23/2022,S8S120FGTBFN,ELMIRA ROAD,WEST DANBY ROAD,0,N,S22-06583,MONDAY,09:50,61.0,77.0,5555,42.3406625,-76.5354786,35400.0,5
324,05/23/2022,S8S120FGSZ41,SANDBANK ROAD,,0,N,S22-06576,MONDAY,06:50,61.0,77.0,5551,42.4057382,-76.5280003,24600.0,5
325,05/24/2022,S8S119FGZMTC,EAST SHORE DRIVE,,0,N,S22-06640,TUESDAY,18:27,61.0,77.0,5556,42.4977529,-76.5098078,66420.0,5
326,05/24/2022,S8S120FGXV0H,LOWER ROBERT TREMAN PARK ROAD,,0,N,S22-06627,Tuesday,12:15,77.0,77.0,5555,42.4023872,-76.54786969999999,44100.0,5
327,05/25/2022,S8S119FH1HGF,DANBY ROAD,,0,N,S22-06673,WEDNESDAY,08:15,61.0,77.0,5555,42.3587467,-76.4833869,29700.0,5
328,05/25/2022,S80K91FH2T09,GRAHAM ROAD,,0,N,S22-06694,Wednesday,17:38,3.0,77.0,5556,42.4856205,-76.4812785,63480.0,5
329,05/25/2022,S8S114FH28SC,JUDD FALLS ROAD,MCINTYRE PLACE,0,N,S22-06684,Wednesday,13:41,7.0,69.0,5555,42.4505665,-76.4720697,49260.0,5
330,05/25/2022,S8S118FH2HLQ,DANBY ROAD,,0,N,S22-06886,WEDNESDAY,15:20,8.0,27.0,5551,42.3587467,-76.4833869,55200.0,5
331,05/26/2022,S80K91FH5Q47,PERUVILLE ROAD,SCOFIELD ROAD,0,N,S22-06751,Thursday,15:43,7.0,77.0,5552,42.5428157,-76.4539295,56580.0,5
332,05/26/2022,S80K91FH5WL7,BURNS ROAD,SLATERVILLE ROAD,0,N,S22-06753,Thursday,17:05,9.0,77.0,5555,42.3947362,-76.3769443,61500.0,5
333,05/27/2022,S8SLTDFHFXFN,EAST MILLER ROAD,,1,N,S22-06800,FRIDAY,16:45,2.0,19.0,5551,42.36958,-76.450988,60300.0,5
334,05/27/2022,S109FH7P2Q,WEST DANBY ROAD,,0,N,S22-06774,FRIDAY,05:53,61.0,77.0,5551,42.3406625,-76.5354786,21180.0,5
335,05/28/2022,S8DEP3FHBM5R,BOSTWICK ROAD,,0,N,S22-06830,SATURDAY,02:41,2.0,19.0,5553,42.4227499,-76.5793917,9660.0,5
336,05/28/2022,S8S115FHF533,HONNESS LANE,,0,N,S22-06854,SATURDAY,23:06,4.0,77.0,5555,42.429567,-76.467524,83160.0,5
337,05/29/2022,S8S107FHH02R,DRYDEN ROAD,,0,N,S22-06876,SUNDAY,13:18,61.0,77.0,5552,42.4704369,-76.4034517,47880.0,5
338,05/31/2022,S8S120FHNMHH,ELMIRA ROAD,,0,N,S22-06948,Tuesday,07:40,18.0,77.0,5557,42.362536,-76.5957859,27600.0,5
339,06/01/2022,S8S113FKD5P1,TRUMANSBURG ROAD,IRADELL ROAD,1,N,S22-07013,WEDNESDAY,11:59,99.0,77.0,5558,42.4805387,-76.6268373,43140.0,6
340,06/01/2022,S8S113FHS676,ELLIS HOLLOW CREEK ROAD,,0,N,S22-07006,Wednesday,09:57,13.0,13.0,5552,42.4385637,-76.4055302,35820.0,6
341,06/01/2022,S8S113FHS1WS,MCLEAN CORTLAND ROAD,,0,N,S22-07003,WEDNESDAY,08:49,61.0,77.0,5554,42.5928027,-76.3099663,31740.0,6
342,06/01/2022,S8S108FHRVCS,TRUMANSBURG ROAD,DUBOIS ROAD,1,N,S22-07000,Wednesday,07:59,7.0,77.0,5555,42.4965258,-76.556314,28740.0,6
343,06/01/2022,S8S113FHSBML,RIDGE ROAD,,0,N,S22-07011,WEDNESDAY,10:59,4.0,77.0,5556,42.5735549,-76.5781092,39540.0,6
344,06/01/2022,S80K91FHSWBQ,NORTH STREET,,0,N,S22-07021,Wednesday,15:44,4.0,9.0,5552,42.4967648,-76.298019,56640.0,6
345,06/02/2022,S80K91FHXWPV,LOCKE ROAD,,0,N,S22-07082,THURSDAY,21:24,61.0,77.0,5554,42.6152332,-76.4717375,77040.0,6
346,06/02/2022,S8S113FHW0P7,MAIN STREET,,0,N,S22-07044,THURSDAY,06:52,61.0,77.0,5552,42.4962636,-76.3709838,24720.0,6
347,06/03/2022,S80K91FJ1TM0,HORVATH DR,NORTH TRIPHAMMER ROAD,0,N,S22-07121,FRIDAY,19:09,18.0,77.0,5556,42.5054774,-76.490818,68940.0,6
348,06/03/2022,S109FJ2341,TAUGHANNOCK PARK RD & FALLS RD,,0,N,S22-07128,FRIDAY,21:13,4.0,77.0,5558,42.53386889999999,-76.61806,76380.0,6
349,06/05/2022,S109FJ7TJ9,MECKLENBURG ROAD,SHEFFIELD ROAD,0,N,S22-07206,Sunday,16:17,7.0,77.0,5553,42.4512586,-76.5714424,58620.0,6
350,06/05/2022,S8S113FJ6J9Z,TAUGHANNOCK BOULEVARD,,0,N,S22-07190,SUNDAY,06:29,61.0,77.0,5558,42.5385068,-76.5911337,23340.0,6
351,06/06/2022,S8S115FJ9NC7,WEST DANBY ROAD,,0,N,S22-07233,MONDAY,06:30,61.0,77.0,5557,42.3406625,-76.5354786,23400.0,6
352,06/08/2022,S80K91FJKHF1,STATE HIGHWAY 13,,1,N,S22-07370,Wednesday,17:01,7.0,20.0,5552,42.4290176,-76.5078603,61260.0,6
353,06/08/2022,S8S113FJJK2R,STATE HIGHWAY 13,STATE ROUTE 366,0,N,S22-07350,Wednesday,10:04,7.0,77.0,5552,42.4687236,-76.4091972,36240.0,6
354,06/09/2022,S8S114FJNZGM,WEST GROTON ROAD,,1,N,S22-07432,THURSDAY,19:15,61.0,77.0,5554,42.6048766,-76.4205335,69300.0,6
355,06/09/2022,S8S118FJNNNP,JACKSONVILLE ROAD,,0,N,S22-07424,THURSDAY,16:38,4.0,77.0,5558,42.5082206,-76.614744,59880.0,6
356,06/10/2022,S8S112FJQM13,STATE HIGHWAY 13,,0,N,S22-07451,Friday,07:38,20.0,20.0,5556,42.4290176,-76.5078603,27480.0,6
357,06/10/2022,S8S116FJQJNL,UNNAMED STREET,,0,N,S22-07450,Friday,06:35,18.0,77.0,5556,42.4575747,-76.5488232,23700.0,6
358,06/10/2022,S8S112FJRWFV,MORRIS ROAD,,0,N,S22-07477,Friday,16:58,3.0,77.0,5552,42.5436417,-76.3298813,61080.0,6
359,06/10/2022,S8S112FJR9D1,2309 N TRIPHAMMER RD #16A,,0,N,S22-07470,Friday,12:40,18.0,77.0,5523,42.4832015,-76.4822585,45600.0,6
360,06/11/2022,S80K91FJW94T,WHITE CHURCH ROAD,CAROLINE DEPOT ROAD,1,N,S22-07533,Saturday,18:22,7.0,77.0,5550,42.3697377,-76.4053929,66120.0,6
361,06/11/2022,S109FJWGXQ,WEST DANBY ROAD,,0,N,S22-07538,SATURDAY,19:40,61.0,77.0,5557,42.3406625,-76.5354786,70800.0,6
362,06/11/2022,S8S116FJV63M,AUBURN ROAD,,0,N,S22-07521,Saturday,10:14,13.0,77.0,5556,42.5823945,-76.4930027,36840.0,6
363,06/12/2022,S8S115FK059D,STATE HIGHWAY 96,JACKSONVILLE ROAD,0,N,S22-07566,Sunday,16:06,17.0,77.0,5558,42.5082206,-76.614744,57960.0,6
364,06/12/2022,S8S119FK0HKG,PERU ROAD,,0,N,S22-07569,SUNDAY,18:53,61.0,77.0,5554,42.5665431,-76.3647589,67980.0,6
365,06/13/2022,S8S114FK425Q,STATE HIGHWAY 13,WARREN ROAD,1,N,S22-07620,Monday,21:05,7.0,4.0,5523,42.4885848,-76.4675805,75900.0,6
366,06/13/2022,S8S113FK4FHZ,STATE HIGHWAY 227,,0,N,S22-07623,MONDAY,23:59,61.0,77.0,5558,42.5188688,-76.6873564,86340.0,6
367,06/13/2022,S8S119FK1DQQ,NORTH ROAD,,0,N,S22-07578,MONDAY,01:41,61.0,77.0,5552,42.5207121,-76.2992028,6060.0,6
368,06/14/2022,S8S114FK53J1,RIDGE ROAD,,0,N,S22-07630,TUESDAY,05:11,61.0,77.0,5556,42.5735549,-76.5781092,18660.0,6
369,06/14/2022,S8S113FK5NR3,NORTH TRIPHAMMER ROAD,HORVATH DRIVE,0,N,S22-07633,TUESDAY,07:26,61.0,77.0,5556,42.5235246,-76.4878493,26760.0,6
370,06/14/2022,S8S111FK5S7D,STATE HIGHWAY 13,,1,N,S22-07639,TUESDAY,10:22,4.0,77.0,5523,42.4290176,-76.5078603,37320.0,6
371,06/15/2022,S8S107FK8CZC,AUBURN ROAD,,0,N,S22-07670,WEDNESDAY,05:39,61.0,77.0,5556,42.5823945,-76.4930027,20340.0,6
372,06/15/2022,S8S115FKB54S,DRYDEN ROAD,,0,N,S22-07701,WEDNESDAY,19:15,61.0,77.0,5552,42.4704369,-76.4034517,69300.0,6
373,06/15/2022,S8S115FK991R,NORTH TRIPHAMMER ROAD,STATE HIGHWAY 13,0,N,S22-07687,WEDNESDAY,12:29,4.0,9.0,5556,42.4290176,-76.5078603,44940.0,6
374,06/15/2022,S8S108FK8NWB,TAUGHANNOCK BOULEVARD,GLENWOOD HEIGHTS RD,0,N,S22-07672,WEDNESDAY,07:56,9.0,77.0,5555,42.49199,-76.5464473,28560.0,6
375,06/16/2022,S8S113FKCVLP,DANBY ROAD,EAST KING ROAD,0,N,S22-07713,THURSDAY,07:43,9.0,77.0,5555,42.4035579,-76.4837199,27780.0,6
376,06/17/2022,S8S113FKG0H5,MIDDAUGH ROAD,BEAVER CREEK ROAD,1,N,S22-07742,FRIDAY,23:25,47.0,19.0,5550,42.3773947,-76.4068866,84300.0,6
377,06/17/2022,S8S113FKH3V4,MAIN STREET,JOHNSON ROAD,0,N,S22-07747,FRIDAY,08:00,7.0,69.0,5521,42.501753,-76.347363,28800.0,6
378,06/17/2022,S8S115FKJTSB,ITHACA BEER DRIVE,,0,N,S22-07769,FRIDAY,21:03,3.0,99.0,5555,42.415768,-76.5328173,75780.0,6
379,06/18/2022,S8S115FKNCK1,PERUVILLE ROAD,,0,N,S22-07806,SATURDAY,23:39,61.0,77.0,5556,42.5473782,-76.3951711,85140.0,6
380,06/19/2022,S8S119FKZN0P,NORTH TRIPHAMMER ROAD,,0,N,S22-07827,SUNDAY,16:07,99.0,99.0,5523,42.5054774,-76.490818,58020.0,6
381,06/20/2022,S8S111FKSQQG,PERU SOUTH LANSING ROAD,,0,N,S22-07849,MONDAY,08:14,9.0,77.0,5520,-9.189967,-75.015152,29640.0,6
382,06/20/2022,S8S109FKV0FZ,ELMIRA ROAD,SANBANK ROAD,0,N,S22-07871,MONDAY,17:59,9.0,77.0,5555,42.4057382,-76.5280003,64740.0,6
383,06/20/2022,S8S120FKT1NF,ELMIRA ROAD,SAND BANK ROAD,0,N,S22-07852,MONDAY,10:45,18.0,77.0,5555,42.4057382,-76.5280003,38700.0,6
384,06/21/2022,S8S115FKXW88,DOUGLAS ROAD,,0,N,S22-07912,TUESDAY,14:50,61.0,77.0,5557,42.389187,-76.613562,53400.0,6
385,06/21/2022,S8S107FKWJ1J,COBB STREET,,0,N,S22-07889,TUESDAY,05:07,61.0,77.0,5554,42.581327,-76.4441454,18420.0,6
386,06/21/2022,S8S108FKWT6Z,CAYUGA RIDGE PARKING LOT,,0,N,S22-07892,TUESDAY,07:04,18.0,77.0,5555,42.4575747,-76.5488232,25440.0,6
387,06/21/2022,S8S115FKZFVM,SHAFFER ROAD,,0,N,S22-07924,TUESDAY,19:25,2.0,99.0,5557,42.319418,-76.564601,69900.0,6
388,06/22/2022,S8S107FL10W2,757 WARREN RD,,1,N,S22-07943,WEDNESDAY,06:11,69.0,77.0,5523,42.4900659,-76.46561729999999,22260.0,6
389,06/22/2022,S8S115FL2FN1,WEST DANBY ROAD,,0,N,S22-07976,WEDNESDAY,17:51,18.0,77.0,5551,42.3406625,-76.5354786,64260.0,6
390,06/23/2022,S8S113FL4LXN,PERU SOUTH LANSING ROAD,,0,N,S22-08000,THURSDAY,10:17,13.0,77.0,5554,-9.189967,-75.015152,37020.0,6
391,06/23/2022,S8S108FL50KG,DRIVEWAY,,0,N,S22-08006,THURSDAY,13:30,,,5552,42.4575747,-76.5488232,48600.0,6
392,06/24/2022,S8S114FL8GJD,NORTH TRIPHAMMER ROAD,,0,N,S22-08050,FRIDAY,15:11,3.0,99.0,5523,42.5054774,-76.490818,54660.0,6
393,06/24/2022,S8DEP3FL9C3G,WEST DANBY ROAD,,3,N,S22-08069,FRIDAY,19:30,2.0,19.0,5557,42.3406625,-76.5354786,70200.0,6
394,06/24/2022,S8S115FL8KDC,SANDBANK ROAD,,0,N,S22-08053,FRIDAY,15:46,61.0,77.0,5555,42.4057382,-76.5280003,56760.0,6
395,06/24/2022,S8S121FL955R,TAUGHANNOCK BOULEVARD,,0,N,S22-07080,FRIDAY,20:32,61.0,77.0,5558,42.5385068,-76.5911337,73920.0,6
396,06/24/2022,S8S109FL9JQ8,RIDGE ROAD,LANSING STATION ROAD,0,N,S22-08076,FRIDAY,22:47,61.0,77.0,5556,42.5784389,-76.59934,82020.0,6
397,06/25/2022,S81203FLBC0R,BRADSHAW ROAD,,0,N,S22-08085,SATURDAY,05:30,61.0,77.0,5552,42.5030278,-76.2710356,19800.0,6
398,06/25/2022,S8DEP2FQNRFX,ELMIRA ROAD,,1,N,S22-08083,SATURDAY,02:48,12.0,77.0,5555,42.362536,-76.5957859,10080.0,6
399,06/26/2022,S8S109FLHGM0,BLACK OAK ROAD,,0,N,S22-08141,SUNDAY,19:29,60.0,4.0,5553,42.420347,-76.668843,70140.0,6
400,06/27/2022,S8S109FLLV24,PERUVILLE ROAD,,0,N,S22-08182,MONDAY,21:10,61.0,77.0,5554,42.5473782,-76.3951711,76200.0,6
401,06/28/2022,S8S116FLQCZL,AUBURN ROAD,,1,N,S22-08236,TUESDAY,23:04,2.0,19.0,5556,42.5823945,-76.4930027,83040.0,6
402,06/29/2022,S8S113FLRS7G,CREST LANE,,0,N,S22-08259,WEDNESDAY,10:15,3.0,77.0,5555,42.4535964,-76.4673953,36900.0,6
403,06/29/2022,S8S112FLSHQM,MOUNT PLEASANT ROAD,BAKER HILL ROAD,1,N,S22-08271,WEDNESDAY,15:39,7.0,77.0,5552,42.4583534,-76.4029068,56340.0,6
404,06/29/2022,S8S111FLS0MC,WEST DANBY ROAD,DECKER ROAD,3,N,S22-08263,WEDNESDAY,11:50,7.0,77.0,5557,42.3906432,-76.5543136,42600.0,6
405,06/29/2022,S8S112FLRP8B,NORTH TRIPHAMMER ROAD,,0,N,S22-08257,WEDNESDAY,09:49,4.0,77.0,5523,42.5054774,-76.490818,35340.0,6
406,06/29/2022,S8S113FLRVLV,NORTH TRIPHAMMER ROAD,,0,N,S22-08261,WEDNESDAY,10:35,61.0,77.0,5556,42.5054774,-76.490818,38100.0,6
407,06/29/2022,S8DEP1FP6F60,MOUNT PLEASANT ROAD,BAKER HILL ROAD,1,N,S22-08271,WEDNESDAY,15:39,7.0,77.0,5552,42.4583534,-76.4029068,56340.0,6
408,07/01/2022,S8S112FM1RVH,2300 NORTH TRIPHAMMER ROAD,,0,N,S22-08376,FRIDAY,22:10,2.0,7.0,5556,42.4815338,-76.48748549999999,79800.0,7
409,07/01/2022,S8S109FM1Z3H,SCHOOL STREET,,0,N,S22-08378,FRIDAY,22:59,22.0,17.0,5521,42.5541282,-76.2872778,82740.0,7
410,07/02/2022,S81203FM4SCQ,CORTLAND ROAD,,0,N,S22-08423,SATURDAY,20:53,61.0,77.0,5554,42.5928027,-76.3099663,75180.0,7
411,07/02/2022,S8S111FM3H2K,RIDGE ROAD,BRICKYARD,1,N,S22-08404,SATURDAY,10:54,7.0,77.0,5556,42.547457,-76.5307557,39240.0,7
412,07/03/2022,S8S108FM738R,PARKING LOT,,0,N,S22-08448,SUNDAY,14:19,4.0,77.0,5523,42.4575747,-76.5488232,51540.0,7
413,07/03/2022,S8DEP3FM8KQ1,W DRYDEN RD,ASBURY RD,0,N,S22-08469,SUNDAY,23:22,2.0,18.0,5552,42.5248383,-76.4704781,84120.0,7
414,07/04/2022,S8S114FMBQJ5,TAUGHANNOCK BOULEVARD,,0,N,S22-08490,MONDAY,17:28,4.0,9.0,5558,42.5385068,-76.5911337,62880.0,7
415,07/04/2022,S8S102FMCBF0,DRYDEN ROAD,,0,N,S22-08497,MONDAY,21:57,61.0,77.0,5552,42.4704369,-76.4034517,79020.0,7
416,07/05/2022,S8S114FMFDKB,LOWER CREEK ROAD,DRYDEN ROAD,0,N,S22-08531,TUESDAY,13:22,9.0,77.0,5552,42.4704369,-76.4034517,48120.0,7
417,07/05/2022,S8S116FMD8ZK,SLATERVILLE ROAD,,0,N,S22-08511,TUESDAY,03:45,61.0,77.0,5550,42.3947362,-76.3769443,13500.0,7
418,07/05/2022,S8S109FMGFFQ,RIDGE ROAD,,0,N,S22-08550,TUESDAY,21:06,61.0,77.0,5556,42.5735549,-76.5781092,75960.0,7
419,07/06/2022,S8S115FMK5FJ,DUBOIS ROAD,,0,N,S22-08590,WEDNESDAY,17:25,13.0,77.0,5558,42.4965258,-76.556314,62700.0,7
420,07/06/2022,S8S107FMK8SG,OLD STAGE ROAD,,0,N,S22-08594,WEDNESDAY,18:29,61.0,77.0,5554,42.6000383,-76.3205147,66540.0,7
421,07/06/2022,S8S113FMJX9S,NORTH TRIPHAMMER ROAD,,0,N,S22-08586,WEDNESDAY,15:39,7.0,69.0,5523,42.5054774,-76.490818,56340.0,7
422,07/06/2022,S8S119FMHK66,SEARSBURG ROAD,,0,N,S22-08569,WEDNESDAY,05:42,61.0,77.0,5558,42.5368477,-76.6847398,20520.0,7
423,07/07/2022,S80K91FMN998,STATE HIGHWAY 13,,0,N,S22-08639,THURSDAY,16:59,9.0,77.0,5552,42.4290176,-76.5078603,61140.0,7
424,07/07/2022,S8S109FMN36M,STATE HIGHWAY 13,,0,N,S22-08633,THURSDAY,15:37,9.0,77.0,5523,42.4290176,-76.5078603,56220.0,7
425,07/08/2022,S8S120FMQ8H2,BARNES HILL ROAD,,1,N,S22-07154,FRIDAY,05:30,19.0,77.0,5557,42.2973829,-76.5893289,19800.0,7
426,07/08/2022,S8S119FMQ298,DANBY ROAD,,1,N,S22-08662,FRIDAY,06:31,61.0,77.0,5555,42.3587467,-76.4833869,23460.0,7
427,07/10/2022,S8S112FMZG04,EAST SHORE BURDICK HILL,BURDICK HILL,0,N,S22-08787,SUNDAY,14:06,61.0,77.0,5523,42.4980909,-76.499882,50760.0,7
428,07/12/2022,S8S119FN45HS,TRUMANSBURG ROAD,,0,N,S22-08877,TUESDAY,01:19,61.0,77.0,5555,42.4914674,-76.5883927,4740.0,7
429,07/12/2022,S8S116FN6VQQ,RIDGE ROAD,,0,N,S22-08909,TUESDAY,21:15,61.0,77.0,5556,42.5735549,-76.5781092,76500.0,7
430,07/12/2022,S8S109FN4Q64,DRYDEN HARFORD ROAD,,0,N,S22-08884,TUESDAY,05:19,61.0,77.0,5552,42.4555365,-76.2797697,19140.0,7
431,07/12/2022,S8S116FN45DM,DANBY ROAD,,0,N,S22-08875,TUESDAY,00:52,61.0,77.0,5551,42.3587467,-76.4833869,3120.0,7
432,07/12/2022,S8S119FN4PCF,LLOYD STARKS ROAD,,1,N,S22-08882,TUESDAY,02:59,4.0,99.0,5557,42.3676362,-76.6487899,10740.0,7
433,07/13/2022,S8S115FN9P2G,WEST DANBY ROAD,,1,N,S22-08969,WEDNESDAY,18:12,11.0,99.0,5551,42.3406625,-76.5354786,65520.0,7
434,07/13/2022,S8S108FN9B63,ELLLIS HOLLOW ROAD,,0,N,S22-08959,WEDNESDAY,15:32,45.0,77.0,5501,42.427384,-76.4116156,55920.0,7
435,07/13/2022,S8S115FN9KCD,NEWFIELD DEPOT ROAD,,1,N,S22-08967,WEDNESDAY,17:24,46.0,77.0,5557,42.365027,-76.5696009,62640.0,7
436,07/13/2022,S8S112FN878Z,PERU ROAD,,0,N,S22-08928,WEDNESDAY,07:41,4.0,77.0,5522,42.5665431,-76.3647589,27660.0,7
437,07/15/2022,S8S107FNGS7T,HANSHAW ROAD,,0,N,S22-09059,FRIDAY,08:34,13.0,61.0,5552,42.4672637,-76.4599749,30840.0,7
438,07/15/2022,S8S108FNGPDR,SPRING STREET EXTENSION,,0,N,S22-09057,FRIDAY,07:57,61.0,77.0,5554,42.5902701,-76.4197353,28620.0,7
439,07/15/2022,S8S108FNH8GT,GRAHAM ROAD WEST,BUTLER ROAD,0,N,S22-09065,FRIDAY,12:14,13.0,77.0,5523,42.4575747,-76.5488232,44040.0,7
440,07/16/2022,S8S115FNKSH7,CORTLAND ROAD,,0,N,S22-09095,SATURDAY,07:10,61.0,77.0,5554,42.5928027,-76.3099663,25800.0,7
441,07/16/2022,S8S109FNM876,SLATERVILLE ROAD,,0,N,S22-09112,SATURDAY,17:45,61.0,77.0,5555,42.3947362,-76.3769443,63900.0,7
442,07/17/2022,S8S107FNR8JJ,RIDGE ROAD,,0,N,S22-09156,SUNDAY,23:59,61.0,77.0,5556,42.5735549,-76.5781092,86340.0,7
443,07/17/2022,S8S107FNNRRF,PORTLAND POINT ROAD,,0,N,S22-09128,SUNDAY,05:29,61.0,77.0,5556,42.5303959,-76.5281349,19740.0,7
444,07/18/2022,S8S113FNSHK2,ELMIRA ROAD,,0,N,S22-09169,MONDAY,09:36,13.0,77.0,5555,42.362536,-76.5957859,34560.0,7
445,07/19/2022,S8S107FNZLFP,VAN OSTRAND ROAD,,0,N,S22-09233,TUESDAY,23:48,61.0,77.0,5556,42.5708642,-76.4693449,85680.0,7
446,07/20/2022,S8S113FP19JP,ELMIRA ROAD,SEVEN MILE DRIVE,0,N,S22-09263,WEDNESDAY,12:25,9.0,77.0,5555,42.4154635,-76.5419739,44700.0,7
447,07/20/2022,S8S109FP2GZJ,DANBY ROAD,,0,N,S22-09280,WEDNESDAY,21:37,61.0,77.0,5555,42.3587467,-76.4833869,77820.0,7
448,07/20/2022,S8S119FNZMGR,CALKINS ROAD,,0,N,S22-09234,WEDNESDAY,00:22,61.0,77.0,5555,42.4110033,-76.5510052,1320.0,7
449,07/21/2022,S80SAPFP7P0W,AUBURN ROAD,,0,N,S22-09348,THURSDAY,23:31,61.0,77.0,5556,42.5823945,-76.4930027,84660.0,7
450,07/21/2022,S8S105FP53W9,STATE HIGHWAY 13,HANSHAW ROAD,2,N,S22-09325,THURSDAY,16:59,18.0,77.0,5552,42.4672637,-76.4599749,61140.0,7
451,07/22/2022,S81203FP6P17,UNNAMED STREET,,0,N,S22-09362,FRIDAY,04:44,42.0,99.0,5558,42.4575747,-76.5488232,17040.0,7
452,07/23/2022,S8S111FPBZ8P,MECKLENBURG ROAD,SHEFFFIELD ROAD,1,N,S22-09425,SATURDAY,13:05,4.0,77.0,5553,42.4512586,-76.5714424,47100.0,7
453,07/23/2022,S8S109FPCWD7,MAIN ENTRANCE ROAD,,0,N,S22-09445,SATURDAY,19:54,69.0,77.0,5558,42.4575747,-76.5488232,71640.0,7
454,07/24/2022,S8S113FPF6ZH,PERRY CITY ROAD,,0,N,S22-09484,SUNDAY,05:59,61.0,77.0,5558,42.4950539,-76.6185,21540.0,7
455,07/24/2022,S8S116FPHG1M,ELMIRA ROAD,,0,N,S22-09515,SUNDAY,22:06,64.0,77.0,5557,42.362536,-76.5957859,79560.0,7
456,07/24/2022,S8S111FPG45D,DUBOIS ROAD,,0,N,S22-09493,SUNDAY,12:36,61.0,77.0,5558,42.4965258,-76.556314,45360.0,7
457,07/25/2022,S8S113FPJVN9,RAMP,NORTH TRIPHAMMER ROAD,1,N,S22-09529,MONDAY,09:27,7.0,77.0,5523,42.5054774,-76.490818,34020.0,7
458,07/26/2022,S8S116FPM0G0,STATE HIGHWAY 13,,0,N,S22-09570,TUESDAY,01:07,8.0,7.0,5552,42.4290176,-76.5078603,4020.0,7
459,07/26/2022,S8S119FPM46L,TOWER ROAD,,0,N,S22-09577,TUESDAY,02:20,19.0,99.0,5557,42.4475679,-76.474457,8400.0,7
460,07/26/2022,S8S115FPNZGL,HALSEYVILLE ROAD,AIKEN ROAD,0,N,S22-09600,TUESDAY,15:39,7.0,77.0,5553,42.464177,-76.661677,56340.0,7
461,07/28/2022,S8S108FPVJFP,RIDGE ROAD,,0,N,S22-09679,THURSDAY,09:26,19.0,77.0,5556,42.5735549,-76.5781092,33960.0,7
462,07/28/2022,S8S112FPWP1P,SLATERVILLE ROAD,,0,N,S22-09705,THURSDAY,18:08,26.0,9.0,5555,42.3947362,-76.3769443,65280.0,7
463,07/28/2022,S8S108FPW2K4,UPTOWN ROAD,BURLEIGH DRIVE,0,N,S22-09696,THURSDAY,13:55,19.0,77.0,5555,42.4750609,-76.475488,50100.0,7
464,07/28/2022,S8S119FPT78H,DANBY ROAD,,0,N,S22-09658,THURSDAY,00:14,61.0,77.0,5551,42.3587467,-76.4833869,840.0,7
465,07/28/2022,S80K91FPX2MV,DANBY ROAD,,0,N,S22-09711,THURSDAY,21:35,13.0,77.0,5551,42.3587467,-76.4833869,77700.0,7
466,07/29/2022,S8S120FPZDPM,MECKLENBURG ROAD,CONIFER DRIVE,0,N,S22-09727,FRIDAY,07:20,26.0,77.0,5555,42.4507372,-76.531258,26400.0,7
467,08/01/2022,S8S112FQ9201,STATE HIGHWAY 13,HANSHAW ROAD,0,N,S22-09863,MONDAY,07:41,4.0,77.0,5552,42.4672637,-76.4599749,27660.0,8
468,08/02/2022,S8S110FQF9M3,CATHERWOOD ROAD,N TRIPHAMMER ROAD,1,N,S22-09912,TUESDAY,15:20,9.0,77.0,5523,42.5054774,-76.490818,55200.0,8
469,08/02/2022,S8S110FQG07T,CAYUGA MALL // 2309 N TRIPHAMM,N TRIPHAMMER ROAD,0,N,S22-09924,TUESDAY,20:32,9.0,77.0,5523,42.5054774,-76.490818,73920.0,8
470,08/03/2022,S8S113FQK6L6,ELMIRA ROAD,SEVEN MILE DRIVE,0,Y,S22-09979,WEDNESDAY,17:38,14.0,77.0,5555,42.4154635,-76.5419739,63480.0,8
471,08/03/2022,S8S112FQK5GD,PERUVILLE ROAD,,0,N,S22-09986,WEDNESDAY,20:44,61.0,77.0,5552,42.5473782,-76.3951711,74640.0,8
472,08/05/2022,S8S109FQQQ2X,MILLARD HILL ROAD,,0,N,S22-10075,FRIDAY,14:06,13.0,77.0,5557,42.385081,-76.5964669,50760.0,8
473,08/05/2022,S8S112FQQGJX,PARKING LOT,,0,N,S22-10069,FRIDAY,12:35,4.0,77.0,5523,42.4575747,-76.5488232,45300.0,8
474,08/05/2022,S8S109FQRPSL,DRIVEWAY OF 1472 ELMIRA ROAD,,0,N,S22-10094,FRIDAY,21:37,3.0,77.0,5557,42.3747776,-76.5752147,77820.0,8
475,08/05/2022,S8S110FQRC1G,NORTH TRIPHAMMER ROAD,WATERWAGON RD,0,N,S22-10088,FRIDAY,18:58,7.0,77.0,5556,42.5157642,-76.4996928,68280.0,8
476,08/06/2022,S8S116FQTLXH,LOWER CREEK ROAD,,0,N,S22-10113,SATURDAY,11:54,3.0,77.0,5552,42.476907,-76.4065461,42840.0,8
477,08/06/2022,S80K91FQV9SZ,SLATERVILLE ROAD,,1,N,S22-10116,SATURDAY,16:54,9.0,77.0,5552,42.3947362,-76.3769443,60840.0,8
478,08/07/2022,S8S107FR0FT7,LOCKERBY HILL ROAD,,0,N,S22-10162,SUNDAY,23:24,60.0,99.0,5556,42.5942979,-76.543503,84240.0,8
479,08/08/2022,S8S112FR1KHJ,STATE HIGHWAY 222,,0,N,S2210175,MONDAY,08:16,4.0,77.0,5554,42.5929126,-76.3059331,29760.0,8
480,08/09/2022,S8S108FR4XQB,MECKLENBURG ROAD,PODUNK ROAD,0,N,S22-10215,TUESDAY,09:46,9.0,77.0,5553,42.486441,-76.6523823,35160.0,8
481,08/10/2022,S8S112FR8BQ6,UPPER CREEK ROAD,,2,N,S22-10256,THURSDAY,11:41,27.0,4.0,5552,42.490333,-76.3779773,42060.0,8
482,08/11/2022,S8S116FRDZ4Q,SLATERVILLE ROAD,,0,N,S22-010318,THURSDAY,20:59,61.0,77.0,5550,42.3947362,-76.3769443,75540.0,8
483,08/11/2022,S81203FRDDRD,DANBY ROAD,COMFORT ROAD,0,N,S22-10314,THURSDAY,17:39,9.0,77.0,5551,42.3598619,-76.5062134,63540.0,8
484,08/11/2022,S8S107FRC2F1,MAIN STREET,,0,N,S22-10297,THURSDAY,07:59,61.0,77.0,5552,42.4962636,-76.3709838,28740.0,8
485,08/11/2022,S8S107FRDBR9,TRUMANSBURG ROAD,DRIVEWAY 1301 TRUMANSBURG ROAD,0,N,S22-10310,THURSDAY,17:24,7.0,69.0,5555,42.4682494,-76.5412817,62640.0,8
486,08/11/2022,S8S120FRC098,PERRY CITY ROAD,,0,N,S22-10296,THURSDAY,07:15,61.0,77.0,5558,42.4950539,-76.6185,26100.0,8
487,08/12/2022,S8S112FRG69W,RIDGE ROAD,,0,N,S22-10326,FRIDAY,07:20,61.0,77.0,5556,42.5735549,-76.5781092,26400.0,8
488,08/13/2022,S8S112FRKX1V,NORTH TRIPHAMMER ROAD,NORTH TRIPHAMMER ROAD,1,N,S22-10373,SATURDAY,11:19,17.0,77.0,5556,42.5054774,-76.490818,40740.0,8
489,08/13/2022,S8S116FRLRH4,VAN DORN ROAD SOUTH,,1,N,S22-10384,SATURDAY,17:06,4.0,77.0,5553,42.4299959,-76.5900379,61560.0,8
490,08/13/2022,S8S111FRL5TB,STATE HIGHWAY 79,,0,N,S22-10375,SATURDAY,13:08,21.0,77.0,5553,42.4187155,-76.4558606,47280.0,8
491,08/13/2022,S8S114FRKZBB,WHITE CHURCH ROAD,VALLEY ROAD,1,N,S22-10374,SATURDAY,11:23,7.0,77.0,5550,42.435907,-76.4809049,40980.0,8
492,08/13/2022,S8S116FRLXTS,CONNECTICUT HILL ROAD,,0,N,S22-10385,SATURDAY,18:48,19.0,77.0,5553,42.3608489,-76.6796446,67680.0,8
493,08/14/2022,S8S113FRQ7G7,DRYDEN ROAD,,0,N,S22-10414,SUNDAY,19:28,61.0,77.0,5552,42.4704369,-76.4034517,70080.0,8
494,08/15/2022,S8S112FRSDLL,RAMP,,0,N,S22-10436,MONDAY,11:57,4.0,77.0,5523,42.4575747,-76.5488232,43020.0,8
495,08/15/2022,S8S114FRTKDK,MILLARD HILL ROAD,,0,N,S22-10453,MONDAY,20:50,61.0,77.0,5557,42.385081,-76.5964669,75000.0,8
496,08/16/2022,S8S119FRVB9W,MAIN STREET,,0,N,S22-10457,TUESDAY,01:48,8.0,77.0,5553,42.4962636,-76.3709838,6480.0,8
497,08/16/2022,S8S114FRVRW5,ELLIS HOLLOW CREEK ROAD,,0,N,S22-10459,TUESDAY,05:20,3.0,77.0,5552,42.4385637,-76.4055302,19200.0,8
498,08/17/2022,S8S116FS173C,NORTH TRIPHAMMER ROAD,N TRIPHAMMER RD AND ENTRANCEDR,1,N,S22-10508,WEDNESDAY,14:47,7.0,77.0,5523,42.5054774,-76.490818,53220.0,8
499,08/17/2022,S8S114FS07BB,EAST SHORE DRIVE,,0,N,S22-10494,WEDNESDAY,07:32,61.0,77.0,5523,42.4977529,-76.5098078,27120.0,8
500,08/17/2022,S80K91FS1KD1,DRYDEN ROAD,,1,N,S22-10515,WEDNESDAY,17:44,9.0,77.0,5552,42.4704369,-76.4034517,63840.0,8
501,08/17/2022,S8S116FS1GVH,STATE HIGHWAY 96,,0,N,S22-10513,WEDNESDAY,16:55,9.0,77.0,5558,42.4057937,-76.5454257,60900.0,8
502,08/18/2022,S8S110FS5F9B,PERU SOUTH LANSING ROAD,,0,N,S22-10579,THURSDAY,22:36,61.0,77.0,5552,-9.189967,-75.015152,81360.0,8
503,08/19/2022,S8S111FS7J8M,WEST DANBY ROAD,SHORT ROAD,0,N,S22-10610,FRIDAY,13:56,61.0,77.0,5551,42.5240006,-76.4236867,50160.0,8
504,08/19/2022,S8S110FS886C,RIDGE ROAD,,0,N,S22-10620,FRIDAY,19:46,21.0,77.0,5556,42.5735549,-76.5781092,71160.0,8
505,08/19/2022,S8S107FS639C,COBB STREET,,0,N,S22-10591,FRIDAY,03:36,61.0,77.0,5554,42.581327,-76.4441454,12960.0,8
506,08/19/2022,S8S113FS70C7,NY STATE RT 79,,0,N,S22-10600,FRIDAY,10:00,9.0,99.0,5550,42.4187155,-76.4558606,36000.0,8
507,08/19/2022,S8S111FS6VHP,PERRY CITY ROAD,TRUMANSBURG ROAD,1,N,S22-10598,FRIDAY,09:23,9.0,77.0,5558,42.4914674,-76.5883927,33780.0,8
508,08/19/2022,S8S116FS866V,VANKIRK ROAD,IRISH HILL ROAD,0,N,S22-10617,FRIDAY,17:58,18.0,77.0,5557,42.2940308,-76.6412747,64680.0,8
509,08/19/2022,S8S107FS6TVL,RIDGE ROAD,BRICKYARD ROAD,0,N,S22-10599,SATURDAY,09:21,61.0,77.0,5556,42.547457,-76.5307557,33660.0,8
510,08/19/2022,S8S110FS7ZM0,AUBURN ROAD,,0,N,S22-10615,FRIDAY,17:32,61.0,77.0,5556,42.5823945,-76.4930027,63120.0,8
511,08/22/2022,S8S107FSJJN5,NORTH TRIPHAMMER ROAD,CRAFT RD,2,N,S22-10700,MONDAY,10:04,9.0,99.0,5523,42.4911509,-76.485812,36240.0,8
512,08/22/2022,S8S110FSKRL9,AUBURN ROAD,,0,N,S22-10717,MONDAY,19:04,61.0,77.0,5556,42.5823945,-76.4930027,68640.0,8
513,08/23/2022,S8S108FSMFT9,RAILROAD STREET,,1,N,S22-10725,TUESDAY,07:19,8.0,77.0,5521,42.5120081,-76.3418001,26340.0,8
514,08/23/2022,S8S108FSN469,CORTLAND ROAD,CORTLAND ROAD AND BAHAR DR,0,N,S22-10732,TUESDAY,12:28,9.0,77.0,5552,42.5038055,-76.29782229999999,44880.0,8
515,08/23/2022,S81203FSP38C,GOODMAN ROAD,,0,N,S22-10747,TUESDAY,20:07,61.0,77.0,5556,42.5760753,-76.462685,72420.0,8
516,08/24/2022,S8S109FSS900,WEST DRYDEN ROAD,,0,N,S22-10797,WEDNESDAY,19:42,61.0,77.0,5552,42.5173595,-76.4036654,70920.0,8
517,08/24/2022,S8S115FSRWMN,TRUMANSBURG ROAD,,0,N,S22-10789,WEDNESDAY,17:09,4.0,9.0,5555,42.4914674,-76.5883927,61740.0,8
518,08/24/2022,S8S116FSR3HW,AUBURN ROAD,,3,N,S22-10774,WEDNESDAY,10:45,7.0,77.0,5556,42.5823945,-76.4930027,38700.0,8
519,08/25/2022,S8S116FSWQBR,BOSTWICK ROAD,GOODWIN DRIVE,0,N,S22-10854,THURSDAY,21:52,15.0,77.0,5553,42.424262,-76.5772342,78720.0,8
520,08/25/2022,S8S110FSW4HD,2250 N TRIPHAMMER ROAD PARKING,,0,N,S22-10829,THURSDAY,17:22,7.0,69.0,5523,42.4786909,-76.4860849,62520.0,8
521,08/26/2022,S8SGT2FT3FKV,STATE HIGHWAY 13,,0,N,S22-10920,FRIDAY,23:50,2.0,13.0,5552,42.4290176,-76.5078603,85800.0,8
522,08/26/2022,S8S116FT0FSK,PODUNK ROAD,,0,N,S22-10903,FRIDAY,17:59,4.0,77.0,5558,42.486441,-76.6523823,64740.0,8
523,08/27/2022,S8S115FT3B94,NELSON ROAD,E MILLER ROAD,3,N,S22-10944,SATURDAY,15:40,17.0,77.0,5551,42.36958,-76.450988,56400.0,8
524,08/27/2022,S8S109FT1C30,CORTLAND ROAD,,0,N,S22-10923,SATURDAY,01:10,61.0,77.0,5554,42.5928027,-76.3099663,4200.0,8
525,08/27/2022,S8S111FT2PWZ,MAIN STREET,GROTON AVE,0,N,S22-10935,SATURDAY,10:23,19.0,18.0,5521,42.5125953,-76.3509584,37380.0,8
526,08/29/2022,S8S104FT955T,RIDGE ROAD,BEACH ROAD,0,N,S22-11039,MONDAY,11:31,8.0,77.0,5556,42.2988047,-76.5431352,41460.0,8
527,08/29/2022,S8S108FT8PT1,GROTON ROAD,,0,N,S22-11028,MONDAY,08:03,61.0,77.0,5552,42.5337913,-76.3599194,28980.0,8
528,08/30/2022,S8S112FTFSPL,EAST KING ROAD,SOUTHWOODS DRIVE,0,N,S22-11101,TUESDAY,22:11,7.0,77.0,5555,42.4021774,-76.4695571,79860.0,8
529,08/30/2022,S8S105FTFLP8,PINE TREE ROAD,HONNESS LANE,0,N,S22-11095,TUESDAY,20:49,61.0,77.0,5555,42.429567,-76.467524,74940.0,8
530,08/31/2022,S8S116FTJ3SD,WEST KING ROAD,STONEQUARRY RD AND WEST KING R,0,N,S22-11124,WEDNESDAY,15:43,7.0,77.0,5555,42.41005089999999,-76.5072199,56580.0,8
531,08/31/2022,S80K91FTJFTD,AUBURN ROAD,,0,N,S22-11132,WEDNESDAY,18:03,4.0,77.0,5556,42.5823945,-76.4930027,64980.0,8
532,09/01/2022,S8S109FTN01L,PODUNK ROAD,,0,N,S22-11187,THURSDAY,20:41,61.0,77.0,5553,42.486441,-76.6523823,74460.0,9
533,09/01/2022,S8S111FTLPL9,BARNES HILL ROAD,,0,N,S22-11162,THURSDAY,10:49,61.0,77.0,5557,42.2973829,-76.5893289,38940.0,9
534,09/02/2022,S8S110FTQKX8,WARREN ROAD,WARREN ROAD AND FARRELL ROAD,0,N,S22-11245,FRIDAY,16:14,7.0,18.0,5556,42.5145916,-76.4721544,58440.0,9
535,09/03/2022,S8DEP3FTS7F6,BROOKTONDALE ROAD,SLATERVILLE ROAD,0,N,S22-11270,SATURDAY,02:34,2.0,19.0,5552,42.3947362,-76.3769443,9240.0,9
536,09/03/2022,S8S113FTSFS0,ELMIRA ROAD,,0,N,S22-11274,SATURDAY,06:15,61.0,77.0,5557,42.362536,-76.5957859,22500.0,9
537,09/03/2022,S8S112FTSPWC,CORTLAND ROAD,,0,N,S22-11278,SATURDAY,08:37,61.0,99.0,5554,42.5928027,-76.3099663,31020.0,9
538,09/03/2022,S8S105FTV97L,ELMIRA ROAD,,0,N,S22-11299,SATURDAY,20:10,17.0,4.0,5555,42.362536,-76.5957859,72600.0,9
539,09/03/2022,S8S108FTT9G2,MECKLENBURG ROAD,APPLEGATE ROAD NORTH,0,N,S22-11286,SATURDAY,12:45,61.0,77.0,5553,42.4661087,-76.6122124,45900.0,9
540,09/03/2022,S8S112FTTD08,NORTH TRIPHAMMER ROAD,,0,N,S22-11288,SATURDAY,13:30,4.0,77.0,5523,42.5054774,-76.490818,48600.0,9
541,09/04/2022,S8S114FV05MM,LAKE STREET,DORSEY HILL,0,N,S22-11333,SUNDAY,23:30,4.0,19.0,5524,42.4575747,-76.5488232,84600.0,9
542,09/04/2022,S8S110FV06SZ,RIDGE ROAD,,3,N,S22-11332,SUNDAY,23:42,2.0,99.0,5556,42.5735549,-76.5781092,85320.0,9
543,09/04/2022,S8S115FTZ7DR,COUNTY HOSPITAL RD,,0,N,S22-11325,SUNDAY,17:53,3.0,77.0,5555,42.4681473,-76.5381417,64380.0,9
544,09/04/2022,S8S115FTXJWT,TAUGHANNOCK BOULEVARD,,1,N,S22-11321,SUNDAY,12:38,7.0,4.0,5555,42.5385068,-76.5911337,45480.0,9
545,09/05/2022,S8S113FV1X50,SLATERVILLE ROAD,BURNS ROAD,0,N,S22-11347,MONDAY,14:17,42.0,66.0,5555,42.4091943,-76.4565359,51420.0,9
546,09/05/2022,S8S120FV1N3P,STONE QUARRY ROAD,STONE QUARRY ROAD,0,N,S22-11344,MONDAY,12:20,18.0,77.0,5555,42.418762,-76.510323,44400.0,9
547,09/06/2022,S8S109FV615T,EAST SHORE DRIVE,,0,N,S22-11401,TUESDAY,21:08,61.0,77.0,5556,42.4977529,-76.5098078,76080.0,9
548,09/06/2022,S8S115FV6063,SANDBANK ROAD,,0,N,S22-11400,TUESDAY,20:18,64.0,77.0,5555,42.4057382,-76.5280003,73080.0,9
549,09/07/2022,S8S111FV7HX1,MAIN STREET,,0,N,S22-11421,WEDNESDAY,08:04,9.0,77.0,5552,42.4962636,-76.3709838,29040.0,9
550,09/08/2022,S8S118FVCRTC,PERRY CITY ROAD,DUBOIS ROAD,0,N,S22-11473,THURSDAY,16:00,7.0,77.0,5558,42.4965258,-76.556314,57600.0,9
551,09/09/2022,S8S114FVFSD4,WOOD ROAD,SHELDON RD,0,N,S22-11501,FRIDAY,07:09,9.0,4.0,5552,42.5203019,-76.414706,25740.0,9
552,09/09/2022,S8S110FVHMZV,DUTCH MILL ROAD,,0,N,S2211526,FRIDAY,21:20,61.0,77.0,5556,42.5078546,-76.4685692,76800.0,9
553,09/10/2022,S8S112FVKMWS,AUBURN ROAD,GREEN ROAD,0,N,S22-11544,SATURDAY,12:28,61.0,77.0,5556,42.5528592,-76.5344919,44880.0,9
554,09/10/2022,S8S111FVKBGX,MAIN STREET,GROTON AVE,0,N,S22-11542,SATURDAY,09:22,20.0,77.0,5521,42.5125953,-76.3509584,33720.0,9
555,09/11/2022,S8S112FVPQDN,GULF ROAD,,0,N,S2211581,SUNDAY,19:36,19.0,4.0,5556,42.5915796,-76.5061181,70560.0,9
556,09/11/2022,S8S112FVNTP3,AUBURN ROAD,NORTH TRIPHAMMER ROAD,0,N,S22-11572,SUNDAY,12:26,4.0,9.0,5556,42.5054774,-76.490818,44760.0,9
557,09/11/2022,S8S109FVPCC7,PARKING LOT,,0,N,S22-11578,SUNDAY,16:08,3.0,77.0,5523,42.4575747,-76.5488232,58080.0,9
558,09/12/2022,S8S118FVT3DN,STATE HIGHWAY 96,,0,N,S22-11617,MONDAY,19:38,61.0,77.0,5558,42.4057937,-76.5454257,70680.0,9
559,09/12/2022,S8S120FVRDV5,WEST DANBY ROAD,,0,N,S22-11594,MONDAY,07:00,61.0,77.0,5557,42.3406625,-76.5354786,25200.0,9
560,09/13/2022,S8DEP1FVV30F,2372 SPENCER ROAD,,0,N,S22-11625,TUESDAY,00:48,2.0,4.0,5551,42.3168329,-76.531022,2880.0,9
561,09/14/2022,S8S110FW1HCR,RIDGE ROAD,,0,N,S22-11708,WEDNESDAY,20:01,61.0,77.0,5556,42.5735549,-76.5781092,72060.0,9
562,09/14/2022,S8S114FVXSMB,ELLIS HOLLOW CREEK ROAD,,0,N,S22-11667,WEDNESDAY,23:45,61.0,77.0,5552,42.4385637,-76.4055302,85500.0,9
563,09/14/2022,S8S110FW0Z0Z,RIDGE ROAD,,0,N,S22-11699,WEDNESDAY,15:41,61.0,77.0,5556,42.5735549,-76.5781092,56460.0,9
564,09/15/2022,S8S120FW37QK,MECKLENBURG ROAD,,0,N,S22-11721,THURSDAY,09:12,18.0,77.0,5555,42.4516637,-76.608651,33120.0,9
565,09/15/2022,S8S108FW388G,NORTH STREET,,0,N,S22-11723,THURSDAY,09:15,9.0,77.0,5552,42.4967648,-76.298019,33300.0,9
566,09/16/2022,S8S108FW69HD,HAYTS ROAD,,0,N,S22-11779,FRIDAY,07:38,61.0,77.0,5553,42.4665444,-76.5871689,27480.0,9
567,09/16/2022,S8S119FW8G85,BOSTWICK ROAD,,0,N,S22-11818,FRIDAY,23:54,4.0,99.0,5555,42.4227499,-76.5793917,86040.0,9
568,09/17/2022,S81203FW9WQK,ELM STREET EXT,,0,N,S22-11832,SATURDAY,11:18,4.0,77.0,5555,42.5855167,-76.306947,40680.0,9
569,09/18/2022,S8DEP3FWCTXV,GROTON ROAD,,1,N,S22-11848,SUNDAY,00:03,2.0,19.0,5552,42.5337913,-76.3599194,180.0,9
570,09/18/2022,S8S108FWFBR4,LEXINGTON DRIVE,,0,N,S22-11863,SUNDAY,12:33,4.0,77.0,5555,42.476759,-76.473383,45180.0,9
571,09/19/2022,S8S116FWK842,TRUMANSBURG ROAD,,1,N,S22-11905,MONDAY,17:46,77.0,77.0,5555,42.4914674,-76.5883927,63960.0,9
572,09/19/2022,S8S119FWHMF4,TAUGHANNOCK BOULEVARD,,0,N,S22-11885,MONDAY,06:20,61.0,77.0,5558,42.5385068,-76.5911337,22800.0,9
573,09/20/2022,S8S114FWP588,SEVEN MILE DRIVE,,0,N,S22-11954,TUESDAY,23:22,61.0,77.0,5555,42.4154635,-76.5419739,84120.0,9
574,09/20/2022,S8S120FWM49H,ELMIRA ROAD,,0,N,S22-11921,TUESDAY,08:10,13.0,77.0,5557,42.362536,-76.5957859,29400.0,9
575,09/21/2022,S8S118FWQJ4B,BURDICK HILL ROAD,EAST SHORE,0,N,S22-11970,WEDNESDAY,09:40,4.0,77.0,5556,42.4977529,-76.5098078,34800.0,9
576,09/21/2022,S8S106FWRGW5,CANDLEWYCK PARK,,0,N,S22-11989,WEDNESDAY,16:42,3.0,77.0,5555,42.4604321,-76.527714,60120.0,9
577,09/21/2022,S8S106FWRWT8,ELMIRA ROAD,,0,N,S22-11998,WEDNESDAY,19:44,61.0,77.0,5557,42.362536,-76.5957859,71040.0,9
578,09/22/2022,S8S111FWV6MW,ENFIELD MAIN ROAD,,0,N,S22-12042,THURSDAY,13:22,9.0,77.0,5553,42.4331109,-76.6319858,48120.0,9
579,09/22/2022,S8S111FWTSPQ,BOSTWICK ROAD,SHEFFIELD ROAD,0,N,S22-12029,THURSDAY,10:15,4.0,77.0,5553,42.4512586,-76.5714424,36900.0,9
580,09/23/2022,S8S110FWXJKC,WEST DANBY ROAD,,0,N,S22-12066,FRIDAY,06:41,61.0,77.0,5551,42.3406625,-76.5354786,24060.0,9
581,09/24/2022,S8S108FX1WNT,SHAFFER ROAD,,0,N,S22-12131,SATURDAY,07:59,61.0,77.0,5557,42.319418,-76.564601,28740.0,9
582,09/24/2022,S8S108FX1ST8,RACHEL CARSON WAY,,0,N,S22-12129,SATURDAY,07:24,61.0,77.0,5555,42.4441223,-76.5405406,26640.0,9
583,09/25/2022,S8S115FX4WRB,IRISH SETTLEMENT RD,,0,N,S22-12172,SUNDAY,06:27,64.0,69.0,5552,42.4577481,-76.3183001,23220.0,9
584,09/25/2022,S8S108FX5DXZ,DRYDEN ROAD,GEORGE ROAD,0,N,S22-12176,SUNDAY,10:15,7.0,77.0,5552,42.4953511,-76.3286602,36900.0,9
585,09/26/2022,S8S116FX8NVV,GASLIGHT VILLAGE,,0,N,S22-12222,MONDAY,11:05,3.0,77.0,5523,42.4803653,-76.4748227,39900.0,9
586,09/27/2022,S8S112FXCXB5,PARKING LOT,,0,N,S22-12291,TUESDAY,11:02,4.0,77.0,5523,42.4575747,-76.5488232,39720.0,9
587,09/27/2022,S8S110FXC9F8,BROWN ROAD,,0,N,S22-12269,TUESDAY,06:38,61.0,77.0,5554,42.4875954,-76.4616368,23880.0,9
588,09/27/2022,S8S109FXCQ9W,AUBURN ROAD,,0,N,S22-12279,TUESDAY,08:10,99.0,99.0,5556,42.5823945,-76.4930027,29400.0,9
589,09/28/2022,S8S119FXJRRN,ELLIS HOLLOW ROAD,,0,N,S22-12387,THURSDAY,23:37,61.0,77.0,5552,42.427384,-76.4116156,85020.0,9
590,09/28/2022,S8S108FXFM6P,CORTLAND ROAD,GULF HILL RD,0,N,S22-12338,WEDNESDAY,00:03,61.0,77.0,5552,42.5424659,-76.2841015,180.0,9
591,09/28/2022,S8S109FXJF00,PERU ROAD,,0,N,S22-12383,WEDNESDAY,20:56,47.0,77.0,5554,42.5665431,-76.3647589,75360.0,9
592,09/29/2022,S8S113FXK8ZV,BLACK OAK ROAD,WEATHERBY ROAD,0,N,S22-12404,THURSDAY,03:23,61.0,77.0,5553,42.4120799,-76.678078,12180.0,9
593,09/29/2022,S8S108FXL6ZP,BOSTWICK ROAD,,0,N,S22-12421,THURSDAY,10:17,4.0,77.0,5555,42.4227499,-76.5793917,37020.0,9
594,09/30/2022,S8S110FXQJQ6,RIDGE ROAD,,0,N,S22-12524,FRIDAY,19:00,61.0,77.0,5556,42.5735549,-76.5781092,68400.0,9
595,10/01/2022,S8DEP3FXS1F1,CAYUGA HEIGHTS ROAD,,0,N,S22-12552,SATURDAY,03:46,2.0,77.0,5523,42.4766371,-76.4989472,13560.0,10
596,10/01/2022,S8S109FXSTCC,58 SOUTHWORTH ROAD,,0,N,S22-12565,SATURDAY,11:43,4.0,77.0,5552,42.4810348,-76.286129,42180.0,10
597,10/01/2022,S8S115FXTXBM,DANBY ROAD,,0,N,S22-12583,SATURDAY,20:02,61.0,77.0,5551,42.3587467,-76.4833869,72120.0,10
598,10/02/2022,S8S108FXXVSZ,SHEFFIELD ROAD,,0,N,S22-12639,SUNDAY,18:27,61.0,77.0,5553,42.4512586,-76.5714424,66420.0,10
599,10/03/2022,S8S106FXZVGQ,PERUVILLE ROAD,,0,N,S22-12666,MONDAY,01:54,61.0,77.0,5552,42.5473782,-76.3951711,6840.0,10
600,10/04/2022,S8S116FZ5V1F,TAUGHANNOCK BOULEVARD,,1,N,S22-12780,TUESDAY,22:29,4.0,77.0,5558,42.5385068,-76.5911337,80940.0,10
601,10/04/2022,S8S112FZ5350,CORTLAND ROAD,DUTCHER ROAD,0,N,S22-12760,TUESDAY,16:59,13.0,77.0,5552,42.5230148,-76.2908973,61140.0,10
602,10/05/2022,S8S112FZ71DB,WARREN ROAD,,0,N,S22-12797,WEDNESDAY,07:51,61.0,77.0,5523,42.4885848,-76.4675805,28260.0,10
603,10/05/2022,S8S116FZ8HPW,101 HARRIS B DATES DR,,0,N,S22-12824,WEDNESDAY,16:58,3.0,99.0,5555,42.4671398,-76.5387121,61080.0,10
604,10/05/2022,S8S109FZ88Q7,NORTH TRIPHAMMER ROAD,AIDAN'S LANE,0,N,S22-12820,WEDNESDAY,16:53,9.0,77.0,5556,42.4575747,-76.5488232,60780.0,10
605,10/05/2022,S80K91FZ954W,NORTH ROAD,,0,N,S22-12842,WEDNESDAY,22:55,13.0,17.0,5552,42.5207121,-76.2992028,82500.0,10
606,10/05/2022,S8S112FZ7M8N,NORTH TRIPHAMMER ROAD,PYRAMID DRIVE,0,N,S22-12810,WEDNESDAY,12:33,4.0,77.0,5556,42.4824857,-76.486499,45180.0,10
607,10/05/2022,S8S109FZ72JM,MECKLENBURG ROAD,,0,N,S22-12798,WEDNESDAY,07:50,9.0,61.0,5555,42.4516637,-76.608651,28200.0,10
608,10/06/2022,S8S113FZB9JT,DRYDEN ROAD,,0,N,S22-12857,THURSDAY,07:53,77.0,77.0,5552,42.4704369,-76.4034517,28380.0,10
609,10/06/2022,S8S111FZB4FC,ADAMS ROAD,,0,N,S22-12854,THURSDAY,06:37,61.0,77.0,5557,42.3587305,-76.5674925,23820.0,10
610,10/06/2022,S8S112FZB94M,SALT ROAD,,0,N,S22-12856,THURSDAY,07:44,61.0,77.0,5554,42.5906587,-76.3241474,27840.0,10
611,10/06/2022,S8S110FZ9G5W,ELMIRA ROAD,,0,N,S22-12848,THURSDAY,01:07,8.0,19.0,5557,42.362536,-76.5957859,4020.0,10
612,10/06/2022,S8S112FZBKWF,NORTH WOOD ROAD,,0,N,S22-12862,THURSDAY,10:19,4.0,77.0,5554,42.5400672,-76.3953073,37140.0,10
613,10/07/2022,S8S118FZH0J9,ENFIELD FALLS ROAD,,1,N,S22-12926,FRIDAY,19:13,19.0,99.0,5555,42.4061947,-76.5822069,69180.0,10
614,10/07/2022,S8S113FZGGBW,MCDONALDS PARKING LOT,,0,N,S22-12914,FRIDAY,15:24,4.0,77.0,5523,42.4575747,-76.5488232,55440.0,10
615,10/07/2022,S8S112FZH361,AUBURN ROAD,,0,N,S22-12928,FRIDAY,19:55,61.0,77.0,5556,42.5823945,-76.4930027,71700.0,10
616,10/08/2022,S8S119FZHSX2,COY GLEN ROAD,,2,N,S22-12947,SATURDAY,01:02,5.0,4.0,5555,42.4313609,-76.531813,3720.0,10
617,10/08/2022,S8S107FZHQZX,EAST SHORE DRIVE,,0,N,S22-12944,SATURDAY,00:57,4.0,77.0,5556,42.4977529,-76.5098078,3420.0,10
618,10/08/2022,S8S113FZK299,TAUGHANNOCK BLVD,,0,N,S22-12965,SATURDAY,10:38,18.0,77.0,5555,42.4817143,-76.5352388,38280.0,10
619,10/09/2022,S8S116FZN5B6,SOVOCOOL HILL ROAD,,0,N,S22-13014,SUNDAY,10:11,61.0,77.0,5554,42.5758858,-76.4145207,36660.0,10
620,10/10/2022,S8S113FZQX2W,MECKLENBURG ROAD,,0,N,S22-13049,MONDAY,06:30,61.0,77.0,5555,42.4516637,-76.608651,23400.0,10
621,10/10/2022,S8S116FZR5TJ,SALT ROAD,CLARK STREET EXTENSION,1,N,S22-13051,MONDAY,08:41,7.0,77.0,5554,42.6072743,-76.3275886,31260.0,10
622,10/10/2022,S8S112FZSBTS,DANBY ROAD,ALUMNI CIRCLE,0,N,S22-13071,MONDAY,17:19,18.0,27.0,5555,42.4216352,-76.4997526,62340.0,10
623,10/10/2022,S8S109FZWVKV,STATE HIGHWAY 122,AUBURN ROAD,0,N,S22-13083,MONDAY,20:25,7.0,77.0,5556,42.5823945,-76.4930027,73500.0,10
624,10/10/2022,S8S115FZSSWD,TRUMANSBURG ROAD,,0,N,S22-13085,MONDAY,20:59,61.0,77.0,5558,42.4914674,-76.5883927,75540.0,10
625,10/10/2022,S8S110FZQR24,DRYDEN HARFORD ROAD,WEST LAKE ROAD,0,N,S22-13048,MONDAY,05:11,18.0,4.0,5552,42.4575747,-76.5488232,18660.0,10
626,10/11/2022,S8S107FZWXBT,NORTH TRIPHAMMER ROAD,TRIPHAMMER MARKET PLACE DRIVE,2,N,S22-13138,TUESDAY,20:05,7.0,17.0,5523,42.47871,-76.48221,72300.0,10
627,10/11/2022,S8S111FZV8CQ,SLATERVILLE ROAD,,0,N,S22-13098,TUESDAY,07:21,61.0,77.0,5550,42.3947362,-76.3769443,26460.0,10
628,10/11/2022,S8S112FZWQ5G,EAST SHORE DRIVE,EASTLAKE ROAD,0,N,S22-13134,TUESDAY,18:58,61.0,77.0,5556,42.51475,-76.513657,68280.0,10
629,10/11/2022,S8S116FZV61M,EAST SHORE DRIVE,,0,N,S22-13099,TUESDAY,07:25,61.0,77.0,5556,42.4977529,-76.5098078,26700.0,10
630,10/11/2022,S8DEP3FZW3F0,TAUGHANNOCK BOULEVARD,,0,N,S22-13108,TUESDAY,08:30,61.0,77.0,5555,42.5385068,-76.5911337,30600.0,10
631,10/11/2022,S8S113FZTM8R,TRUMANSBURG ROAD,,0,N,S22-13092,TUESDAY,02:55,61.0,77.0,5558,42.4914674,-76.5883927,10500.0,10
632,10/11/2022,S8S116FZVBFN,WARREN ROAD,,0,N,S22-13103,TUESDAY,08:33,61.0,77.0,5556,42.4885848,-76.4675805,30780.0,10
633,10/11/2022,S8S107FZWFHG,EAST SHORE DRIVE,,0,N,S22-13127,TUESDAY,16:35,7.0,4.0,5556,42.4977529,-76.5098078,59700.0,10
634,10/12/2022,S8DEP1G0QGTB,STATE HIGHWAY 13,,1,N,S22-13170,WEDNESDAY,12:28,26.0,77.0,5555,42.4290176,-76.5078603,44880.0,10
635,10/12/2022,S8S111FZZFSF,TAUGHANNOCK BOULEVARD,,0,N,S22-13160,WEDNESDAY,07:29,61.0,77.0,5555,42.5385068,-76.5911337,26940.0,10
636,10/13/2022,S80K91G03SGZ,SLATERVILLE ROAD,,1,N,S22-13212,THURSDAY,16:08,27.0,77.0,5555,42.3947362,-76.3769443,58080.0,10
637,10/13/2022,S8S115G046LZ,STATE HIGHWAY 227,,0,N,S22-13220,THURSDAY,19:06,61.0,77.0,5558,42.5188688,-76.6873564,68760.0,10
638,10/13/2022,S8S111G03DZL,NEWFIELD DEPOT ROAD,,1,N,S22-13206,THURSDAY,13:31,66.0,77.0,5557,42.365027,-76.5696009,48660.0,10
639,10/13/2022,S8S113G02NPZ,WEST DRYDEN ROAD,SHELDON ROAD,1,N,S22-13193,THURSDAY,07:54,7.0,77.0,5552,42.4637963,-76.4816764,28440.0,10
640,10/14/2022,S8S119G05W13,UNNAMED STREET,,0,N,S22-13252,FRIDAY,07:48,42.0,77.0,5555,42.4575747,-76.5488232,28080.0,10
641,10/14/2022,S8S118G07C8L,DANBY ROAD,,0,N,S22-13283,FRIDAY,18:18,61.0,77.0,5555,42.3587467,-76.4833869,65880.0,10
642,10/14/2022,S8S115G077GR,STATE HIGHWAY 227,,0,N,S22-13279,FRIDAY,18:04,61.0,77.0,5558,42.5188688,-76.6873564,65040.0,10
643,10/14/2022,S8S106G05FPZ,HILLCREST ROAD,,0,N,S22-13241,FRIDAY,04:37,99.0,99.0,5556,42.5126328,-76.4811713,16620.0,10
644,10/15/2022,S8DEP2G0C6W3,SPRINGHOUSE ROAD,FREEVILLE ROAD,1,N,S22-13343,SATURDAY,20:59,6.0,17.0,5552,42.4993036,-76.3190581,75540.0,10
645,10/15/2022,S8S116G09K89,RIDGE ROAD,,0,N,S22-13319,SATURDAY,11:44,9.0,77.0,5556,42.5735549,-76.5781092,42240.0,10
646,10/15/2022,S8S112G0BH5C,ABBOTT ROAD,,0,N,S22-13335,SATURDAY,18:36,3.0,77.0,5552,42.4745362,-76.4276654,66960.0,10
647,10/16/2022,S8S115G0FZHJ,WEST DANBY ROAD,,0,N,S22-13380,SUNDAY,19:28,61.0,77.0,5557,42.3406625,-76.5354786,70080.0,10
648,10/16/2022,S8S119G0CXRP,MECKLENBURG ROAD,,1,N,S22-13360,MONDAY,05:23,4.0,77.0,5553,42.4516637,-76.608651,19380.0,10
649,10/16/2022,S8DEP2G0DVWZ,STATE HIGHWAY 13,,1,N,S22-13170,SUNDAY,12:28,26.0,77.0,5555,42.4290176,-76.5078603,44880.0,10
650,10/17/2022,S8DEP3G0KJSK,WEST DANBY ROAD,,0,N,S22-13424,MONDAY,22:08,2.0,4.0,5557,42.3406625,-76.5354786,79680.0,10
651,10/17/2022,S8S116G0K786,1570 DANBY RD,,0,N,S22-13422,MONDAY,20:35,77.0,77.0,5551,42.37124559999999,-76.4885923,74100.0,10
652,10/17/2022,S8S120G0HDGW,TRUMANSBURG ROAD,,0,N,S22-13394,MONDAY,07:00,61.0,77.0,5555,42.4914674,-76.5883927,25200.0,10
653,10/17/2022,S8S107G0JXG4,PENNSYLVANIA AVE,,0,N,S22-13415,MONDAY,18:30,61.0,77.0,5555,42.4272293,-76.4872588,66600.0,10
654,10/18/2022,S8S109G0N6CD,PERU SOUTH LANSING ROAD,,0,N,S22-13469,TUESDAY,19:26,61.0,77.0,5554,-9.189967,-75.015152,69960.0,10
655,10/18/2022,S8S113G0KSB4,DANBY ROAD,,0,N,S22-13426,TUESDAY,00:59,20.0,77.0,5551,42.3587467,-76.4833869,3540.0,10
656,10/19/2022,S81203G0RG34,HANSHAW ROAD,,0,N,S22-13520,WEDNESDAY,19:43,61.0,77.0,5552,42.4672637,-76.4599749,70980.0,10
657,10/19/2022,S8S112G0PZM9,UNIVERSITY PARK,,0,N,S22-13489,WEDNESDAY,07:42,4.0,99.0,5523,42.4575747,-76.5488232,27720.0,10
658,10/19/2022,S8S115G0R0FJ,FIVE MILE DRIVE,,0,N,S22-13513,WEDNESDAY,16:21,9.0,4.0,5555,42.4224419,-76.5291647,58860.0,10
659,10/20/2022,S8S118G0VSVJ,WEST DANBY ROAD,VANBUSKIRK GULF ROAD,0,N,S22-13571,THURSDAY,20:55,61.0,77.0,5551,42.3289938,-76.5658321,75300.0,10
660,10/20/2022,S8S119G0SNQS,SLATERVILLE ROAD,,0,N,S22-13539,THURSDAY,05:00,61.0,77.0,5550,42.3947362,-76.3769443,18000.0,10
661,10/21/2022,S8S118G0ZTVR,TAUGHANNOCK BLVD,MAIN ENTRANCE ROAD,0,N,S22-13623,FRIDAY,19:17,61.0,77.0,5558,42.4575747,-76.5488232,69420.0,10
662,10/22/2022,S8S113G11HD1,1312 AURBURN RD,,1,N,S22-13648,SATURDAY,07:16,19.0,77.0,5556,42.6202936,-76.4934715,26160.0,10
663,10/22/2022,S8DEP3G138VH,HAYTS ROAD,,1,N,S22-13667,SATURDAY,15:58,2.0,27.0,5555,42.4665444,-76.5871689,57480.0,10
664,10/22/2022,S80K91G13D19,PERRY CITY ROAD,,0,N,S22-13688,SATURDAY,22:11,61.0,77.0,5558,42.4950539,-76.6185,79860.0,10
665,10/22/2022,S8S116G12HGP,SALEM DRIVE,,0,N,S22-13665,SATURDAY,14:00,3.0,99.0,5555,42.4722919,-76.456825,50400.0,10
666,10/22/2022,S8S116G11LSR,PERRY CITY ROAD,DUBOIS ROAD,1,N,S22-13650,SATURDAY,08:45,7.0,77.0,5558,42.4965258,-76.556314,31500.0,10
667,10/23/2022,S8DEP3G14KVZ,BOSTWICK ROAD,,0,N,S22-13714,SUNDAY,05:20,,,5553,42.4227499,-76.5793917,19200.0,10
668,10/24/2022,S8S108G195W4,DRYDEN ROAD,,0,N,S22-13788,MONDAY,17:47,62.0,69.0,5552,42.4704369,-76.4034517,64020.0,10
669,10/24/2022,S8S118G19G5H,RIDGE ROAD,,0,N,S22-13794,MONDAY,19:42,61.0,77.0,5556,42.5735549,-76.5781092,70920.0,10
670,10/24/2022,S8S110G174WW,CAYUGA HEIGHTS ROAD,,1,N,S22-13754,MONDAY,01:08,19.0,66.0,5523,42.4766371,-76.4989472,4080.0,10
671,10/24/2022,S8S112G17SQ3,RIDGE ROAD,,0,N,S22-13763,MONDAY,07:41,61.0,77.0,5556,42.5735549,-76.5781092,27660.0,10
672,10/25/2022,S8S109G1C1KS,DANBY ROAD,,0,N,S22-13815,TUESDAY,07:09,61.0,77.0,5551,42.3587467,-76.4833869,25740.0,10
673,10/25/2022,S8S116G1DZV4,FIVE MILE DRIVE,,0,N,S22-13848,TUESDAY,22:22,61.0,77.0,5555,42.4224419,-76.5291647,80520.0,10
674,10/25/2022,S8S116G1DB4B,ELMIRA ROAD,FIVE MILE DRIVE,0,N,S22-13839,TUESDAY,17:03,4.0,9.0,5555,42.4224419,-76.5291647,61380.0,10
675,10/25/2022,S8S112G1C8ZM,STATE HIGHWAY 13,,0,N,S22-13823,TUESDAY,09:44,4.0,77.0,5523,42.4290176,-76.5078603,35040.0,10
676,10/25/2022,S8S109G1DLBF,UPTOWN ROAD,,0,N,S22-13842,TUESDAY,17:30,3.0,77.0,5555,42.4797935,-76.4727817,63000.0,10
677,10/26/2022,S8S107G1J29P,MAIN STREET,,0,N,S22-13902,WEDNESDAY,21:31,61.0,77.0,5552,42.4962636,-76.3709838,77460.0,10
678,10/26/2022,S8S111G1GBRD,TAUGHANNOCK BOULEVARD,,0,N,S22-13863,WEDNESDAY,07:26,61.0,77.0,5558,42.5385068,-76.5911337,26760.0,10
679,10/27/2022,S8S113G1LFC5,PARKING LOT,,0,,S22-13937,THURSDAY,14:58,,,5523,42.4575747,-76.5488232,53880.0,10
680,10/27/2022,S8S115G1LP33,STATE HIGHWAY 13,,1,N,S22-13945,THURSDAY,17:02,9.0,4.0,5552,42.4290176,-76.5078603,61320.0,10
681,10/27/2022,S8S111G1KKV6,COLEGROVE ROAD,,0,N,S22-13920,THURSDAY,08:31,4.0,77.0,5558,42.5066188,-76.5923686,30660.0,10
682,10/27/2022,S8S118G1LR4Z,ELMIRA ROAD,MAIN STREET,0,N,S22-13946,THURSDAY,17:26,61.0,77.0,5557,42.4962636,-76.3709838,62760.0,10
683,10/27/2022,S8S113G1L6LZ,STATE HIGHWAY 13,WARREN ROAD,0,N,S22-13932,THURSDAY,13:24,9.0,4.0,5523,42.4885848,-76.4675805,48240.0,10
684,10/27/2022,S8S115G1MCT8,DRYDEN ROAD,,0,N,S22-13960,THURSDAY,22:20,61.0,77.0,5552,42.4704369,-76.4034517,80400.0,10
685,10/27/2022,S8S106G1K70M,SLATERVILLE ROAD,,0,N,S22-13918,THURSDAY,05:53,61.0,77.0,5552,42.3947362,-76.3769443,21180.0,10
686,10/29/2022,S8S110G1QT8F,MIDLINE ROAD,,0,N,S22-14003,SATURDAY,00:01,61.0,77.0,5550,42.4213104,-76.3411547,60.0,10
687,10/29/2022,S8S112G1TG1W,RIDGE ROAD,,0,N,S22-14035,SATURDAY,19:36,61.0,77.0,5556,42.5735549,-76.5781092,70560.0,10
688,10/29/2022,S8S115G1R2VK,DRYDEN ROAD,,1,N,S22-14012,SATURDAY,01:58,61.0,77.0,5556,42.4704369,-76.4034517,7080.0,10
689,10/30/2022,S8S112G1XJV2,RIDGE ROAD,,0,N,S22-14101,SUNDAY,18:54,61.0,77.0,5556,42.5735549,-76.5781092,68040.0,10
690,10/30/2022,S8S109G1X2XK,CHIPMAN CORNERS ROAD,,0,N,S22-14091,SUNDAY,15:15,22.0,19.0,5554,42.6164809,-76.3705865,54900.0,10
691,10/30/2022,S8S112G1XMZ8,MAIN STREET,FALL CREEK ROAD,0,N,S22-14105,SUNDAY,19:27,7.0,99.0,5521,42.5286482,-76.3187472,70020.0,10
692,10/30/2022,S8S115G1X6H8,HALSEYVILLE ROAD,HALSEYVILLE ROAD,2,N,S22-14092,SUNDAY,16:17,7.0,4.0,5558,42.4893081,-76.6335186,58620.0,10
693,10/30/2022,S8S115G1XJXK,MECKLENBURG ROAD,,0,N,S22-14100,SUNDAY,18:52,61.0,77.0,5555,42.4516637,-76.608651,67920.0,10
694,10/31/2022,S8S108G21NHN,STATE HIGHWAY 96,RABBIT RUN ROAD,1,N,S22-14158,MONDAY,17:59,4.0,9.0,5558,42.531821,-76.6483219,64740.0,10
695,11/01/2022,S8S118G251GQ,STATE HIGHWAY 96,RABBIT RUN ROAD,0,N,S22-14248,TUESDAY,19:13,61.0,77.0,5558,42.531821,-76.6483219,69180.0,11
696,11/01/2022,S8S109G24TRK,FENNER ROAD,,0,N,S22-14243,TUESDAY,17:47,28.0,77.0,5556,42.6083587,-76.583622,64020.0,11
