,Unnamed: 0,Prd Date,Case Number,road,intersection,number injured,fatal indicator,local codes,Day of Week,Time,"Contributing Factor Primary
",Contributing Factor Secondary,CTV,lat,long
0,2,01/01/2022,S8S115DZNFJH,CODDINGTON ROAD,,0,N,S21-00012,SATURDAY,06:00,61.0,77.0,5551,42.3641481,-76.4149224
1,3,01/01/2022,S8S120DZMN8X,EAST SHORE DRIVE,,0,N,S22-00002,SATURDAY,00:24,61.0,77.0,5523,42.4977529,-76.5098078
2,4,01/02/2022,S8S118DZS448,LUCE ROAD,TOWLINE ROAD,0,N,S22-00046,SUNDAY,09:21,66.0,77.0,5556,42.3849376,-76.5363865
3,5,01/02/2022,S8S107DZT2VK,BOSTWICK ROAD,,0,N,S22-00060,SUNDAY,17:06,19.0,66.0,5553,42.4227499,-76.5793917
4,6,01/02/2022,S8DEP2F0JKLV,BOSTWICK ROAD,,0,N,S22-00060,SUNDAY,17:06,19.0,66.0,5553,42.4227499,-76.5793917
5,7,01/03/2022,S8S107DZX2TG,FALL CREEK ROAD,MAIN STREET,0,N,S22-00125,Monday,15:30,7.0,17.0,5521,42.4962636,-76.3709838
6,8,01/03/2022,S8S114DZWG3T,WARREN ROAD,CHERRY ROAD,1,N,S21-00109,Monday,10:51,7.0,77.0,5556,42.5008179,-76.4788799
7,9,01/04/2022,S8S114F01WKC,EAST SHORE DRIVE,,0,N,S22-00186,TUESDAY,20:07,61.0,77.0,5523,42.4977529,-76.5098078
8,10,01/04/2022,S8S107F01MBB,AUBURN ROAD,,0,N,S22-00184,TUESDAY,18:02,61.0,77.0,5556,42.5823945,-76.4930027
9,11,01/04/2022,S8DEP3F01M3P,WEST DANBY ROAD,,1,N,S22-00177,TUESDAY,15:37,2.0,77.0,5551,42.3406625,-76.5354786
10,12,01/04/2022,S8S107F01PXZ,FALL CREEK ROAD,,0,N,S22-00185,TUESDAY,18:44,61.0,77.0,5552,42.5286482,-76.3187472
11,13,01/05/2022,S8S118F03X9T,RIDGE ROAD,BECKWITH LN,1,N,S22-00210,Wednesday,11:04,13.0,77.0,5556,42.5590596,-76.5558728
12,14,01/05/2022,S8S112F03WL9,LOCKE ROAD,,0,N,S22-00209,WEDNESDAY,10:54,19.0,77.0,5556,42.6152332,-76.4717375
13,15,01/06/2022,S8S120F06H08,PERU SOUTH LANSING ROAD,,0,N,S22-00235,Thursday,06:15,10.0,77.0,5552,-9.189967,-75.015152
14,16,01/06/2022,S8S111F08L57,EAST SHORE DRIVE,,0,N,S22-00264,THURSDAY,22:17,61.0,77.0,5523,42.4977529,-76.5098078
15,17,01/07/2022,S8S111F0C776,NORTH TRIPHAMMER ROAD,BUSH LANE,0,N,S22-00298,FRIDAY,18:01,61.0,77.0,5523,42.494909,-76.4841414
16,18,01/07/2022,S8S117F0BJVM,WEST JERSEY HILL RD,WEST KING RD,0,N,S21-00292,FRIDAY,12:36,19.0,77.0,5555,42.3959538,-76.5216888
17,19,01/07/2022,S8S111F0CGTK,87 UPTOWN RD DRIVEWAY,UPTOWN RD.,0,N,S22-00301,Friday,19:52,66.0,77.0,5523,42.4797935,-76.4727817
18,20,01/08/2022,S8S112F0GFR5,280 STEVENS ROAD,,0,N,S22-00340,SATURDAY,18:01,61.0,77.0,5554,42.564341,-76.3074089
19,21,01/10/2022,S8S114F0NR1H,SHELDON ROAD,,0,N,S21-00413,MONDAY,17:12,61.0,99.0,5552,42.4637963,-76.4816764
20,22,01/10/2022,S8S117F0MBWC,HAYTS RD,,0,N,S22--00395,MONDAY,06:52,61.0,77.0,5553,42.4665444,-76.5871689
21,23,01/11/2022,S8S107F0S47H,VIRGIL ROAD,,0,N,S22-00452,TUESDAY,18:41,19.0,66.0,5552,42.4906061,-76.2710632
22,24,01/11/2022,S8S113F0QFGH,ENFIELD FALLS ROAD,,0,N,S22-00431,TUESDAY,06:04,19.0,77.0,5555,42.4061947,-76.5822069
23,25,01/12/2022,S8S111F0W630,TRUMANSBURG ROAD,WOOLF LANE,0,N,S22-00494,WEDNESDAY,17:36,61.0,77.0,5555,42.477703,-76.552922
24,26,01/12/2022,S80K91F0X0J3,GROTON ROAD,,0,N,S22-00503,WEDNESDAY,23:30,61.0,77.0,5552,42.5337913,-76.3599194
25,27,01/12/2022,S8S108F0VP9W,ASBURY ROAD,W DRYDEN ROAD,0,N,S22-00488,Wednesday,13:59,5.0,18.0,5552,42.5173595,-76.4036654
26,28,01/12/2022,S8DEP3F110H0,DRYDEN HARFORD ROAD,BEAM HILL ROAD,0,N,S22-00493,WEDNESDAY,17:49,61.0,77.0,5552,42.4607378,-76.305559
27,29,01/12/2022,S8S120F0VXDN,PERU SOUTH LANSING ROAD,,0,N,S22-00489,WEDNESDAY,15:09,61.0,77.0,5554,-9.189967,-75.015152
28,30,01/12/2022,S8S118F0W5GC,MECKLENBURG ROAD,ENFIELD MAIN ROAD,0,N,S22-00492,Wednesday,17:20,69.0,7.0,5553,42.4331109,-76.6319858
29,31,01/13/2022,S8S111F10GQH,FALL CREEK ROAD,,0,N,S22-00546,THURSDAY,18:27,61.0,77.0,5552,42.5286482,-76.3187472
30,32,01/13/2022,S8S111F10JCM,FALL CREEK ROAD,,0,N,S22-00547,THURSDAY,18:40,61.0,77.0,5552,42.5286482,-76.3187472
31,33,01/14/2022,S8S113F136FJ,STATE HIGHWAY 392,ORION DRIVE,0,N,S22-00590,FRIDAY,14:37,19.0,77.0,5552,42.4903939,-76.259781
32,34,01/14/2022,S8S106F122R1,CODDINGTON ROAD,,1,N,S22-00571,FRIDAY,06:21,66.0,77.0,5550,42.3641481,-76.4149224
33,35,01/15/2022,S8S115F161BW,WEST DANBY ROAD,,0,N,S22-00628,SATURDAY,12:10,64.0,77.0,5557,42.3406625,-76.5354786
34,36,01/15/2022,S8S107F16RDD,SLATERVILLE ROAD,,0,N,S22-00637,SATURDAY,17:48,61.0,77.0,5550,42.3947362,-76.3769443
35,37,01/16/2022,S8S113F1BHV9,EAST SHORE DRIVE,BURDICK HILL ROAD,0,N,S22-00679,SUNDAY,21:45,66.0,77.0,5556,42.4980909,-76.499882
36,38,01/17/2022,S8S113F1CHWQ,101 DATES DR,,0,N,S22-00686,Monday,05:04,3.0,77.0,5555,42.4690356,-76.53744309999999
37,39,01/18/2022,S8S114F1J413,GASLIGHT VILLAGE,,0,N,S22-00741,Tuesday,15:18,66.0,99.0,5523,42.4803653,-76.4748227
38,40,01/18/2022,S8S107F1J3HB,ENFIELD MAIN ROAD,,0,Y,S22-00740,TUESDAY,15:18,11.0,10.0,5553,42.4331109,-76.6319858
39,41,01/18/2022,S8S114F1J7HH,RIDGE ROAD,,0,N,S22-00745,Tuesday,16:30,66.0,99.0,5556,42.5735549,-76.5781092
40,42,01/18/2022,S8S113F1JLX8,DRYDEN ROAD,,0,N,S22-00753,TUESDAY,19:12,4.0,77.0,5552,42.4704369,-76.4034517
41,43,01/19/2022,S80K91F1L1BX,DRYDEN ROAD,,0,N,S22-00766,WEDNESDAY,06:07,66.0,77.0,5552,42.4704369,-76.4034517
42,44,01/19/2022,S8S113F1M3JZ,STATE HIGHWAY 13,WARREN ROAD,0,N,S22-00798,Wednesday,14:00,9.0,77.0,5523,42.4885848,-76.4675805
43,45,01/19/2022,S8S118F1MT23,DANBY ROAD,WEST MILLER ROAD,0,N,S22-00811,WEDNESDAY,19:24,61.0,77.0,5551,42.3676266,-76.4964427
44,46,01/19/2022,S8S113F1LM2C,FALL CREEK ROAD,HERMAN ROAD,0,N,S22-00778,Wednesday,10:20,20.0,13.0,5552,42.5146387,-76.3354659
45,47,01/21/2022,S8S106F1S0K6,DANBY ROAD,,2,N,S22-00883,FRIDAY,02:52,66.0,77.0,5551,42.3587467,-76.4833869
46,48,01/21/2022,S8S106F1SFDH,WEST DANBY ROAD,,0,N,S22-00885,FRIDAY,05:59,66.0,77.0,5551,42.3406625,-76.5354786
47,49,01/21/2022,S8S111F1V3GN,PERU SOUTH LANSING ROAD,,0,N,S22-000918,FRIDAY,18:31,61.0,77.0,5552,-9.189967,-75.015152
48,50,01/21/2022,S8S107F1TP4F,SANDBANK ROAD,,0,N,S22-00900,Friday,15:33,27.0,77.0,5555,42.4057382,-76.5280003
49,51,01/21/2022,S8S118F1V4CP,ELMIRA ROAD,,0,N,S22-00919,FRIDAY,18:54,66.0,77.0,5555,42.362536,-76.5957859
50,52,01/21/2022,S8S107F1TXF8,DANBY ROAD,,0,N,S22-00913,FRIDAY,17:27,61.0,77.0,5555,42.3587467,-76.4833869
51,53,01/22/2022,S8S109F1X090,PERU SOUTH LANSING ROAD,,0,N,S22-00951,SATURDAY,12:00,61.0,77.0,5556,-9.189967,-75.015152
52,54,01/23/2022,S8S107F228L0,SLATERVILLE ROAD,BURNS RD,0,N,S22-01016,Sunday,16:33,19.0,66.0,5555,42.4091943,-76.4565359
53,55,01/23/2022,S8S112F22491,TRUMANSBURG ROAD,IRADELL ROAD,0,N,S22-01013,SUNDAY,15:40,66.0,77.0,5558,42.4805387,-76.6268373
54,56,01/23/2022,S8S107F22DGD,DRYDEN HARFORD ROAD,,0,N,S22-01022,SUNDAY,17:46,61.0,77.0,5552,42.4555365,-76.2797697
55,57,01/23/2022,S8S107F229FW,SLATERVILLE ROAD,BURNS RD,0,N,S22-01019,Sunday,16:33,19.0,66.0,5555,42.4091943,-76.4565359
56,58,01/24/2022,S8S107F25KM2,MIDLINE ROAD,,0,N,S22-01067,MONDAY,17:35,19.0,66.0,5552,42.4213104,-76.3411547
57,59,01/25/2022,S8S115F27DQL,ELMIRA ROAD,,0,N,S21-01085,TUESDAY,06:30,61.0,77.0,5557,42.362536,-76.5957859
58,60,01/25/2022,S8S114F296GK,SPRING STREET EXTENSION,,1,N,S22-01124,TUESDAY,20:40,13.0,99.0,5554,42.5902701,-76.4197353
59,61,01/25/2022,S8S119F29163,EAST MAIN STREET,,0,N,S22-01122,Tuesday,19:33,27.0,16.0,5524,42.539888,-76.6551386
60,62,01/26/2022,S8S113F2C79D,BROWN ROAD,THORNWOOD DRIVE,0,N,S22-01148,Wednesday,11:57,7.0,77.0,5523,42.4842818,-76.461153
61,63,01/26/2022,S8S108F2BM7F,WEST DANBY ROAD,,0,N,S22-01137,Wednesday,07:00,61.0,9.0,5551,42.3406625,-76.5354786
62,64,01/27/2022,S8S111F2GW6P,SLATERVILLE ROAD,,0,N,S22-01207,Thursday,15:05,60.0,77.0,5550,42.3947362,-76.3769443
63,65,01/27/2022,S8S113F2FW46,NORTH STREET,ELLIS DRIVE,0,N,S22-01190,Thursday,07:46,9.0,77.0,5552,42.4996994,-76.30048
64,66,01/27/2022,S8S111F2HLHM,DRYDEN ROAD,,0,N,S22-01223,THURSDAY,21:01,61.0,77.0,5520,42.4704369,-76.4034517
65,67,01/27/2022,S8S118F2HKJX,MECKLENBURG ROAD,,0,N,S22-01222,THURSDAY,20:33,61.0,77.0,5555,42.4516637,-76.608651
66,68,01/27/2022,S8S111F2H9RT,SLATERVILLE ROAD,,0,N,S22-01213,THURSDAY,18:30,61.0,77.0,5550,42.3947362,-76.3769443
67,69,01/28/2022,S8S111F2LLBZ,PERU SOUTH LANSING ROAD,,0,N,S22-01279,FRIDAY,19:16,61.0,77.0,5552,-9.189967,-75.015152
68,70,01/28/2022,S8DEP1F2NTM3,WEST DANBY ROAD,ELMIRA ROAD,1,N,S22-01285,FRIDAY,22:33,2.0,19.0,5555,42.362536,-76.5957859
69,71,01/28/2022,S8S115F2JWD2,TRUMANSBURG ROAD,WOOLF LANE,0,N,S22-01248,Friday,06:18,13.0,77.0,5555,42.477703,-76.552922
70,72,01/28/2022,S8S113F2KRJQ,ELLIS HOLLOW ROAD,,0,N,S22-01265,FRIDAY,12:53,61.0,77.0,5552,42.427384,-76.4116156
71,73,01/28/2022,S80K91F2JD61,CREAMERY ROAD,,0,N,S22-01240,FRIDAY,02:34,18.0,77.0,5550,42.3868153,-76.3501838
72,74,01/29/2022,S80K91F2MJ54,CAYUGA STREET,,0,N,S22-01292,Saturday,02:33,61.0,77.0,5524,42.4506529,-76.499646
73,75,01/29/2022,S8S116F2PGHW,MILLARD HILL ROAD,BURDGE HILL ROAD,3,N,S22-01315,SATURDAY,04:46,61.0,77.0,5557,42.3783233,-76.5836916
74,76,01/29/2022,S8S119F2Q2W8,RIDGE ROAD,,0,N,S22-01326,SATURDAY,21:29,61.0,77.0,5556,42.5735549,-76.5781092
75,77,01/29/2022,S8S108F2NLN2,DANBY ROAD,,0,N,S22-01306,Saturday,10:11,9.0,77.0,5551,42.3587467,-76.4833869
76,78,01/30/2022,S8S119F2SV8M,COLD SPRINGS ROAD,,0,N,S22-01357,SUNDAY,18:34,61.0,61.0,5558,42.5169228,-76.6374862
77,79,01/30/2022,S81203F2SV4G,STATE HIGHWAY 13,,1,N,S22-01361,Sunday,18:19,64.0,13.0,5523,42.4290176,-76.5078603
78,80,01/31/2022,S81203F2X1XB,HALSEYVILLE ROAD,,0,N,S22-01416,MONDAY,18:01,61.0,77.0,5558,42.4893081,-76.6335186
79,81,01/31/2022,S8S113F2VPH1,SLATERVILLE ROAD,FULLER LANE,0,N,S22-01394,Monday,08:02,3.0,77.0,5550,42.3960325,-76.3463743
80,82,02/01/2022,S8S113F30NBT,DRYDEN ROAD,STATE ROUTE 366 (DRYDEN ROAD),2,N,S22-01459,Tuesday,13:48,7.0,77.0,5552,42.4763411,-76.3871935
81,83,02/01/2022,S8S118F318H3,TROY ROAD,,0,N,S22-01466,TUESDAY,18:16,61.0,77.0,5551,42.3925641,-76.472746
82,84,02/01/2022,S8S111F31B89,FALL CREEK ROAD,,0,N,S22-01464,Tuesday,18:01,13.0,8.0,5521,42.5286482,-76.3187472
83,85,02/02/2022,S80K91F32VFV,MILLARD HILL ROAD,,0,N,S22-01487,WEDNESDAY,06:27,61.0,77.0,5557,42.385081,-76.5964669
84,86,02/02/2022,S8S116F33NTJ,NORTH STREET,ELLIS DRIVE,0,N,S22-01510,Wednesday,12:29,7.0,7.0,5552,42.4996994,-76.30048
85,87,02/02/2022,S8S111F34RX9,TURKEY HILL ROAD,,0,N,S22-01523,WEDNESDAY,20:37,61.0,77.0,5552,42.4454301,-76.4290626
86,88,02/02/2022,S8S119F34FQ2,RIDGE ROAD,,0,N,S22-01521,WEDNESDAY,18:26,61.0,77.0,5556,42.5735549,-76.5781092
87,89,02/02/2022,S8S113F331H4,ELMIRA ROAD,TRUMBULLS CORNERS ROAD,0,N,S22-01488,Wednesday,07:22,7.0,77.0,5557,42.3861531,-76.6326935
88,90,02/03/2022,S8S112F37776,CATHERWOOD ROAD,THE LOOP RD,0,N,S22-01553,Thursday,14:57,66.0,77.0,5523,42.4835509,-76.488883
89,91,02/03/2022,S8S111F37G4S,WHITE CHURCH ROAD,,0,N,S22-01558,THURSDAY,16:48,66.0,77.0,5550,42.34702,-76.3890084
90,92,02/03/2022,S8S111F379LV,WHITE CHURCH ROAD,CAROLINE DEPOT RD,0,N,S22-01554,THURSDAY,14:40,26.0,13.0,5550,42.3697377,-76.4053929
91,93,02/04/2022,S8S107F3B7V7,PARKING LOT 806 DRYDEN RD,,0,N,S22-01578,Friday,13:26,3.0,77.0,5552,42.4704369,-76.4034517
92,94,02/05/2022,S8S107F3G4SG,DANBY ROAD,,0,N,S22-01622,SATURDAY,19:03,61.0,77.0,5555,42.3587467,-76.4833869
93,95,02/05/2022,S8S106F3DH3J,SLATERVILLE ROAD,,0,N,S22-01605,SATURDAY,06:14,26.0,77.0,5552,42.3947362,-76.3769443
94,96,02/05/2022,S8DEP2F3RHHC,DANBY ROAD,,0,N,S22-01742,SATURDAY,19:03,61.0,77.0,5555,42.3587467,-76.4833869
95,97,02/05/2022,S8DEP3F7WN57,CORTLAND ROAD,BAHAR DRIVE,0,N,S22-01613,Saturday,12:41,9.0,77.0,5552,42.5049625,-76.2882425
96,98,02/07/2022,S8S114F3NJS4,ELLIS HOLLOW ROAD,,0,N,S22-01717,MONDAY,18:49,61.0,77.0,5552,42.427384,-76.4116156
97,99,02/07/2022,S8S113F3LVXW,TRUMANSBURG ROAD,,1,N,S22-01693,Monday,06:18,9.0,77.0,5555,42.4914674,-76.5883927
98,100,02/07/2022,S8S114F3NG43,PERU ROAD,,0,N,S22-01714,MONDAY,18:16,61.0,77.0,5554,42.5665431,-76.3647589
99,101,02/07/2022,S8S114F3N5HT,DRYDEN ROAD,,1,N,S22-01710,Monday,15:44,9.0,7.0,5552,42.4704369,-76.4034517
100,102,02/07/2022,S8S106F3LS3N,STATE HIGHWAY 34,,0,N,S22-01692,MONDAY,05:32,61.0,77.0,5556,42.4435495,-76.5106326
101,103,02/08/2022,S8S115F3RPT9,ASBURY ROAD,,0,N,S22-01756,TUESDAY,06:46,61.0,77.0,5556,42.5248383,-76.4704781
102,104,02/08/2022,S8S114F3RK1P,STATE HIGHWAY 96,HALSEYVILLE ROAD,0,N,S22-01748,Tuesday,17:46,7.0,77.0,5558,42.4893081,-76.6335186
103,105,02/08/2022,S8S114F3RSB6,STATE HIGHWAY 227,,0,N,S22-01754,TUESDAY,18:04,25.0,61.0,5558,42.5188688,-76.6873564
104,106,02/08/2022,S80K91F3PMCW,CLARK STREET,,0,N,S22-01732,Tuesday,01:57,27.0,77.0,5522,42.6072743,-76.3275886
105,107,02/09/2022,S8S116F3V06W,DRYDEN ROAD,GEORGE ROAD,0,N,S22-01780,Wednesday,11:29,7.0,77.0,5552,42.4953511,-76.3286602
106,108,02/09/2022,S8S116F3TP32,CORTLAND ROAD,,1,N,S22-01776,Wednesday,09:16,9.0,77.0,5552,42.5928027,-76.3099663
107,109,02/09/2022,S8S114F3VM3K,TRUMANSBURG ROAD,HARRIS B DATES DR,0,N,S22-01790,Wednesday,16:27,7.0,13.0,5555,42.4706755,-76.539689
108,110,02/09/2022,S8S116F3TJ68,DRYDEN ROAD,,0,N,S22-01775,Wednesday,08:21,9.0,77.0,5552,42.4704369,-76.4034517
109,111,02/10/2022,S8S115F3WM0M,DANBY ROAD,,0,N,S22-01802,THURSDAY,23:49,61.0,77.0,5551,42.3587467,-76.4833869
110,112,02/10/2022,S8S112F402CP,RIDGE ROAD,,0,N,S22-01861,THURSDAY,18:11,61.0,77.0,5556,42.5735549,-76.5781092
111,113,02/10/2022,S8S111F3Z5N5,IRISH SETTLEMENT ROAD,FERGUSON RD,0,N,S22-01833,THURSDAY,11:35,61.0,77.0,5552,42.4822951,-76.3207229
112,114,02/11/2022,S81203F43FCH,THE LOOP RD,THE LOOP RD,0,N,S22-01926,Friday,19:33,9.0,77.0,5523,42.4835509,-76.488883
113,115,02/11/2022,S8S115F41S9H,DANBY ROAD,,0,N,S22-01890,FRIDAY,06:50,61.0,77.0,5551,42.3587467,-76.4833869
114,116,02/11/2022,S8S107F43H0C,RIDGE ROAD,,0,N,S22-01928,FRIDAY,20:06,61.0,77.0,5556,42.5735549,-76.5781092
115,117,02/11/2022,S81203F4385J,STATE HIGHWAY 13,,0,N,S22-01920,FRIDAY,18:19,61.0,77.0,5552,42.4290176,-76.5078603
116,118,02/12/2022,S8S107F46PNL,RIDGE ROAD,,0,N,S22-02011,SATURDAY,20:15,61.0,77.0,5556,42.5735549,-76.5781092
117,119,02/12/2022,S8S112F46K2S,MECKLENBURG ROAD,,0,N,S22-02002,SATURDAY,18:59,61.0,77.0,5555,42.4516637,-76.608651
118,120,02/13/2022,S8S111F47H8V,RIDGE ROAD,JERRY SMITH RD,0,N,S22-02037,SUNDAY,01:59,13.0,19.0,5556,42.594116,-76.575085
119,121,02/13/2022,S8S112F49PWS,COMFORT ROAD,,0,N,S22-02065,SUNDAY,18:44,61.0,77.0,5551,42.3598619,-76.5062134
120,122,02/14/2022,S8S117F4CFT7,RTE 34/96,THOMAS RD,0,N,S22-02115,MONDAY,07:27,61.0,77.0,5557,42.4100992,-76.380032
121,123,02/14/2022,S8S114F4D2VL,PERUVILLE ROAD,,0,N,S22-02119,MONDAY,09:38,19.0,66.0,5556,42.5473782,-76.3951711
122,124,02/14/2022,S8S115F4DLLV,VAN KIRK ROAD,,0,N,S22-02126,MONDAY,16:10,61.0,77.0,5557,42.3157631,-76.6008443
123,125,02/15/2022,S8S120F4JR0L,EAST SHORE DRIVE,,0,N,S22-02191,TUESDAY,23:29,61.0,77.0,5556,42.4977529,-76.5098078
124,126,02/15/2022,S8S114F4GHDC,VANKIRK ROAD,,0,N,S22-02156,TUESDAY,06:14,61.0,77.0,5557,42.3157631,-76.6008443
125,127,02/15/2022,S8S114F4HTKP,CATHERWOOD ROAD,,0,N,S21-02179,Tuesday,16:35,7.0,77.0,5523,42.4837477,-76.4868685
126,128,02/15/2022,S8S113F4HJN2,DRIVEWAY,NORTH TRIPHAMMER ROAD,0,N,S22-02175,Tuesday,14:28,4.0,77.0,5523,42.5054774,-76.490818
127,129,02/15/2022,S80K91F4GD9H,STATE HIGHWAY 13,,0,N,S22-02154,Tuesday,05:58,7.0,77.0,5552,42.4290176,-76.5078603
128,130,02/15/2022,S8S113F4H45W,STATE HIGHWAY 13,,0,N,S22-02168,Tuesday,11:33,4.0,77.0,5523,42.4290176,-76.5078603
129,131,02/15/2022,S8S115F4J93P,ELM STREET EXT,,0,N,S22-02183,TUESDAY,19:46,61.0,77.0,5555,42.5855167,-76.306947
130,132,02/15/2022,S8S117F4H3HN,150 BOSTWICK RD,BOSTWICK RD,0,N,S22-02166,Tuesday,10:51,3.0,77.0,5555,42.4227499,-76.5793917
131,133,02/16/2022,S8S115F4M77B,PINE TREE ROAD,PLAZA,0,N,S22-02228,Wednesday,17:36,7.0,99.0,5555,42.4575747,-76.5488232
132,134,02/17/2022,S80K91F4N56W,STATE HIGHWAY 13,,0,N,S22-02243,THURSDAY,01:07,61.0,77.0,5552,42.4290176,-76.5078603
133,135,02/17/2022,S8S114F4QD5D,TAUGHANNOCK BOULEVARD,KRAFT ROAD,0,N,S22-02272,THURSDAY,17:43,61.0,77.0,5558,42.5168791,-76.592807
134,136,02/17/2022,S80K91F4NP50,CODDINGTON ROAD,,0,N,S22-02250,THURSDAY,04:50,61.0,77.0,5550,42.3641481,-76.4149224
135,137,02/17/2022,S8S118F4QCDL,STATE HIGHWAY 13,,0,N,S22-02270,THURSDAY,16:45,27.0,99.0,5555,42.4290176,-76.5078603
136,138,02/18/2022,S8S108F4T3QT,CATHERWOOD ROAD,CATHERWOOD RD,0,N,S22-02314,Friday,14:03,4.0,7.0,5523,42.4837477,-76.4868685
137,139,02/18/2022,S8S119F4TKQR,WATERWAGON ROAD,EAST SHORE DRIVE,0,N,S22-02322,FRIDAY,09:00,19.0,77.0,5556,42.4977529,-76.5098078
138,140,02/19/2022,S8S116F4WSCV,NORTH TRIPHAMMER ROAD,ASBURY ROAD,0,N,S22-02360,Saturday,10:23,77.0,99.0,5556,42.5248383,-76.4704781
139,141,02/19/2022,S8S119F4XWF9,STATE HIGHWAY 13,HANSHAW ROAD,0,N,S22-02373,Saturday,18:51,7.0,77.0,5552,42.4672637,-76.4599749
140,142,02/20/2022,S8S118F526CD,ELMIRA ROAD,,0,N,S22-02419,SUNDAY,19:20,61.0,77.0,5557,42.362536,-76.5957859
141,143,02/20/2022,S8S120F4ZLW9,STATE HIGHWAY 13,,0,N,S22-02381,SUNDAY,00:02,61.0,77.0,5523,42.4290176,-76.5078603
142,144,02/21/2022,S8S111F55C1B,SLATERVILLE ROAD,,0,N,S22-02454,MONDAY,18:50,61.0,77.0,5555,42.3947362,-76.3769443
143,145,02/22/2022,S8S115F56N4X,PERU SOUTH LANSING ROAD,,0,N,S22-02472,TUESDAY,04:46,61.0,77.0,5554,-9.189967,-75.015152
144,146,02/23/2022,S8S117F5B7T2,SOUTH DANBY ROAD,,0,N,S22-02504,WEDNESDAY,06:44,61.0,77.0,5551,42.2972452,-76.4392953
145,147,02/23/2022,S8S111F5D5C6,MAIN STREET,,0,N,S22-02529,WEDNESDAY,22:02,61.0,77.0,5521,42.4962636,-76.3709838
146,148,02/24/2022,S8S112F5GH7Z,40 CATHERWOOD ROAD,,0,N,S22-02559,Thursday,15:21,3.0,4.0,5556,42.4835813,-76.49137080000001
147,149,02/25/2022,S8S120F5JT8L,HAYTS ROAD,,0,N,S22-02588,Friday,09:00,69.0,77.0,5555,42.4665444,-76.5871689
148,150,02/25/2022,S8S106F5JL2T,WARREN ROAD,,0,N,S22-02586,FRIDAY,07:19,66.0,77.0,5556,42.4885848,-76.4675805
149,151,02/26/2022,S8S117F5NKJH,HALSEYVILLE RD,,0,N,S22-02645,Saturday,13:10,77.0,77.0,5558,42.4893081,-76.6335186
150,152,02/26/2022,S8S119F5PHCH,TAUGHANNOCK BOULEVARD,,0,N,S22-02655,SATURDAY,19:57,61.0,77.0,5558,42.5385068,-76.5911337
151,153,02/26/2022,S8DEP3F5MMCD,COX ROAD,,0,N,S22-02632,SATURDAY,01:27,2.0,4.0,5557,42.3457385,-76.6105773
152,154,02/27/2022,S8S114F5SFP1,PERU SOUTH LANSING ROAD,,0,N,S22-02689,SUNDAY,17:49,66.0,19.0,5552,-9.189967,-75.015152
153,155,02/27/2022,S8DEP2F7F0MJ,NORTH WOOD ROAD,,0,N,S22-02695,SUNDAY,21:10,2.0,77.0,5552,42.5400672,-76.3953073
154,156,02/27/2022,S8S114F5SN2G,DAVIS ROAD,,0,N,S22-02695,SUNDAY,18:58,66.0,19.0,5554,42.5735836,-76.2926982
155,157,02/28/2022,S8S108F5VPZF,WEST DANBY ROAD,,0,N,S22-02727,MONDAY,11:04,61.0,77.0,5551,42.3406625,-76.5354786
156,158,02/28/2022,S8S118F5WH9Z,W DANBY ROAD,,0,N,S22-02736,Monday,07:43,99.0,99.0,5557,42.3406625,-76.5354786
157,159,03/01/2022,S8S111F60V83,NORTH TRIPHAMMER ROAD,NYS ROUTE 13,1,N,S22-02785,Tuesday,18:16,4.0,77.0,5523,42.4290176,-76.5078603
158,160,03/01/2022,S8S112F60QLD,1 BELLA VISTA DRIVE,,0,N,S22-02783,Tuesday,16:52,99.0,99.0,5555,42.4155054,-76.50474249999999
159,161,03/01/2022,S8S113F5ZM8V,VANKIRK ROAD,,0,N,S22-02766,TUESDAY,09:19,61.0,77.0,5557,42.3157631,-76.6008443
160,162,03/01/2022,S80K91F5Z4BK,ELMIRA ROAD,,0,N,S22-02763,TUESDAY,05:29,61.0,77.0,5557,42.362536,-76.5957859
161,163,03/02/2022,S8S112F63XNN,SHEFFIELD ROAD,MECKLENBURG ROAD,1,N,S22-02833,WEDNESDAY,17:17,5.0,28.0,5553,42.4516637,-76.608651
162,164,03/03/2022,S8S118F67PM1,TAUGHANNOCK BOULEVARD,,0,N,S22-2897,THURSDAY,21:12,61.0,77.0,5555,42.5385068,-76.5911337
163,165,03/03/2022,S80K91F67X9D,SNYDER HILL ROAD,,0,N,S22-02899,THURSDAY,23:19,61.0,77.0,5552,42.417022,-76.4160545
164,166,03/03/2022,S8S105F677TJ,PERU SOUTH LANSING ROAD,,0,N,S22-02890,THURSDAY,18:20,61.0,77.0,5554,-9.189967,-75.015152
165,167,03/03/2022,S8S111F67HFS,STATE HIGHWAY 13,LOWER CREEK ROAD,2,N,S22-02894,Thursday,20:04,7.0,77.0,5552,42.476907,-76.4065461
166,168,03/04/2022,S8S108F69G1N,NORTH LANSING SCHOOL ROAD,,0,N,S22-02947,FRIDAY,10:31,19.0,27.0,5556,42.6027134,-76.4771546
167,169,03/06/2022,S8S119F6JTC1,TAUGHANNOCK BOULEVARD,,0,N,S22-03083,SUNDAY,18:05,61.0,77.0,5558,42.5385068,-76.5911337
168,170,03/07/2022,S8S114F6M2P4,PARKING LOT PLAZA,,0,N,S22-03108,Monday,10:45,3.0,77.0,5555,42.4575747,-76.5488232
169,171,03/07/2022,S8S118F6N1VL,TAUGHANNOCK PARK ROAD,TRUMANSBURG ROAD,0,N,S22-03126,Monday,17:22,3.0,4.0,5558,42.4914674,-76.5883927
170,172,03/08/2022,S8S113F6QQX3,DRIVEWAY,N TRIPHAMMER ROAD,0,N,S22-03169,TUESDAY,14:05,4.0,77.0,5523,42.5054774,-76.490818
171,173,03/08/2022,S8S113F6PLQC,WEST DRYDEN ROAD,,0,N,S22-03146,TUESDAY,05:44,60.0,66.0,5552,42.5173595,-76.4036654
172,174,03/08/2022,S8S105F6RB96,DANBY ROAD,,0,N,S22-03177,TUESDAY,18:49,61.0,77.0,5555,42.3587467,-76.4833869
173,175,03/08/2022,S8S112F6RBR0,HARFORD ROAD,,0,N,S22-03176,TUESDAY,18:44,61.0,77.0,5550,42.3992569,-76.2952881
174,176,03/08/2022,S8S115F6PTSG,LOCKE ROAD,,0,N,S22-03148,TUESDAY,07:26,66.0,77.0,5556,42.6152332,-76.4717375
175,177,03/09/2022,S80K91F6V3GV,LOCKE ROAD,OLD STAGE ROAD,0,N,S22-03221,Wednesday,15:29,7.0,77.0,5554,42.6000383,-76.3205147
176,178,03/09/2022,S8S113F6THLF,MIDLINE ROAD,,0,N,S22-03214,WEDNESDAY,11:32,66.0,4.0,5552,42.4213104,-76.3411547
177,179,03/09/2022,S8S112F6VCD1,LOCKE ROAD,,0,N,S22-03223,WEDNESDAY,17:07,66.0,77.0,5554,42.6152332,-76.4717375
178,180,03/09/2022,S8S108F6TVSJ,GRIFFIN ROAD,,2,N,,WEDNESDAY,13:45,19.0,66.0,5553,42.396352,-76.65982
179,181,03/09/2022,S102F6VBJ7,TAUGHANNOCK BOULEVARD,,0,N,S22-03225,WEDNESDAY,16:55,66.0,77.0,5558,42.5385068,-76.5911337
180,182,03/09/2022,S8S112F6VJK2,COBB STREET,TALMADGE ROAD,0,N,S22-03229,WEDNESDAY,18:49,61.0,77.0,5554,42.6112787,-76.4515304
181,183,03/10/2022,S8S119F6ZKWJ,NORTH TRIPHAMMER ROAD,,0,N,S22-03269,THURSDAY,17:46,61.0,77.0,5556,42.5054774,-76.490818
182,184,03/10/2022,S8DEP3F702RJ,SALEM DRIVE,DEERFIELD PLACE,0,N,S22-03271,THURSDAY,07:15,2.0,18.0,5555,42.474947,-76.456915
183,185,03/10/2022,S80K91F6ZFZG,950 DANBY ROAD- ROGAN'S CORNER,,0,N,S22-3264,Thursday,16:37,3.0,77.0,5555,42.42049300000001,-76.50330819999999
184,186,03/10/2022,S8S116F6W9GT,PERU SOUTH LANSING ROAD,OLD PERUVILLE ROAD,0,N,S22-03236,THURSDAY,00:43,4.0,77.0,5554,42.5503096,-76.3735835
185,187,03/11/2022,S80K91F72XXR,DANBY ROAD,,0,N,S22-03321,FRIDAY,18:45,61.0,77.0,5551,42.3587467,-76.4833869
186,188,03/11/2022,S8S114F73C0T,DRYDEN ROAD,STATE ROUTE 366,0,N,S22-03325,Friday,21:52,7.0,17.0,5552,42.4687236,-76.4091972
187,189,03/12/2022,S80K91F75XKZ,HUNGERFORD ROAD,,0,N,S22-03353,SATURDAY,17:27,66.0,77.0,5552,42.4286548,-76.4338286
188,190,03/12/2022,S8S111F75X30,DANBY ROAD,,0,N,S22-03352,Saturday,17:12,4.0,77.0,5551,42.3587467,-76.4833869
189,191,03/12/2022,S8S117F74LQ6,RTE 89,,0,N,S22-03338,SATURDAY,07:16,66.0,77.0,5558,42.5401278,-76.5928656
190,192,03/12/2022,S8S112F75FMK,DRYDEN ROAD,,0,N,S22-03349,SATURDAY,13:55,66.0,77.0,5552,42.4704369,-76.4034517
191,193,03/13/2022,S8S106F77F6J,GEE HILL ROAD,W STATE ROAD,0,N,S22-03360,SUNDAY,03:49,4.0,66.0,5552,42.4392893,-76.5072103
192,194,03/13/2022,S8S111F784HF,SHERATON DRIVE,,0,N,S22-03368,Sunday,09:51,3.0,4.0,5523,42.4782236,-76.4803749
193,195,03/13/2022,S8S112F7824N,WARREN ROAD,,0,N,S22-03367,SUNDAY,08:27,4.0,66.0,5555,42.4885848,-76.4675805
194,196,03/13/2022,S8S106F77CPJ,GEE HILL ROAD,W STATE ROAD,0,N,S22-03360,SUNDAY,03:49,66.0,4.0,5552,42.4392893,-76.5072103
195,197,03/14/2022,S8S114F7D71P,NORTH LANSING SCHOOL ROAD,,0,N,S22-03413,Monday,16:29,13.0,19.0,5556,42.6027134,-76.4771546
196,198,03/14/2022,S8S116F7BZS6,PERU SOUTH LANSING ROAD,,0,N,S22-03394,MONDAY,06:55,61.0,77.0,5554,-9.189967,-75.015152
197,199,03/14/2022,S8S107F7CL54,GRAHAM ROAD WEST,,0,N,S22-03409,Monday,11:51,3.0,18.0,5556,42.4860381,-76.4880997
198,200,03/15/2022,S8S115F7FMWC,STATE HIGHWAY 96,,0,N,S22-03423,TUESDAY,03:15,61.0,77.0,5558,42.4057937,-76.5454257
199,201,03/15/2022,S8S118F7HG3P,FOREST HOME DRIVE,,0,N,S22-03450,Tuesday,16:55,19.0,27.0,5555,42.4524604,-76.4638637
200,202,03/15/2022,S8DEP3F7JTR6,IRISH SETTLEMENT ROAD,,1,N,S22-03456,TUESDAY,20:17,2.0,19.0,5552,42.4577481,-76.3183001
201,203,03/16/2022,S8S114F7KLD0,PERRY CITY ROAD,,0,N,S22-03474,WEDNESDAY,09:06,61.0,77.0,5558,42.4950539,-76.6185
202,204,03/16/2022,S8S112F7LJ2M,STATE HIGHWAY 13,WARREN RD,0,N,S22-03489,Wednesday,15:50,9.0,4.0,5523,42.4885848,-76.4675805
203,205,03/16/2022,S8DEP2F7MFMT,PODUNK ROAD,AIKEN ROAD,0,N,S22-03505,WEDNESDAY,21:30,61.0,77.0,5553,42.464177,-76.661677
204,206,03/16/2022,S8S109F7LWGN,DANBY ROAD,,0,N,S22-03497,WEDNESDAY,18:42,61.0,77.0,5555,42.3587467,-76.4833869
205,207,03/16/2022,S8S115F7K7F7,RUMSEY HILL ROAD,,0,N,S22-03468,WEDNESDAY,05:58,69.0,77.0,5553,42.406241,-76.646908
206,208,03/17/2022,S8S107F7P3LX,RIDGE ROAD,,0,N,S22-03536,THURSDAY,10:42,61.0,77.0,5556,42.5735549,-76.5781092
207,209,03/17/2022,S80K91F7Q1SC,ELMIRA ROAD,TRACTOR SUPPLY ENTRANCE/EXIT,0,N,S22-03549,Thursday,18:11,17.0,77.0,5501,42.4575747,-76.5488232
208,210,03/18/2022,S8S107F7SK47,NORTH TRIPHAMMER ROAD,,0,N,S22-03618,Friday,12:56,7.0,13.0,5556,42.5054774,-76.490818
209,211,03/19/2022,S8SGT2F8C0ZB,ELMIRA ROAD,TEST ROAD,0,Y,S22-03674,Saturday,01:18,13.0,99.0,5557,42.346046,-76.6249409
210,212,03/19/2022,S8S117F7W23C,BENJAMIN HILL RD,,0,N,S22-03680,SATURDAY,07:25,61.0,77.0,5557,42.3428975,-76.5889776
211,213,03/19/2022,S8S112F7WV7L,BUFFALO ROAD,,0,N,S22-03692,SATURDAY,14:03,19.0,15.0,5550,42.3778259,-76.3233525
212,214,03/19/2022,S8S109F7XH8D,PARKING LOT,,0,N,S22-03702,Saturday,18:42,3.0,77.0,5523,42.4575747,-76.5488232
213,215,03/19/2022,S8S109F7X65Q,DRIVEWAY,,0,N,S22-03699,Saturday,16:10,20.0,77.0,5523,42.4575747,-76.5488232
214,216,03/19/2022,S8SGT2FHLPXK,ELMIRA ROAD,TEST ROAD,0,Y,S22-03674,Saturday,01:18,13.0,99.0,5557,42.346046,-76.6249409
215,217,03/19/2022,S8S106F7VCL7,ELMIRA ROAD,TEST ROAD,0,Y,S22-03674,Saturday,01:18,,,5557,42.346046,-76.6249409
216,218,03/19/2022,S8SGT2F8K345,ELMIRA ROAD,TEST ROAD,0,Y,S22-03674,Saturday,01:18,13.0,99.0,5557,42.346046,-76.6249409
217,219,03/20/2022,S8S116F7ZT38,ELMIRA ROAD,,0,N,S22-03728,Sunday,03:55,61.0,77.0,5557,42.362536,-76.5957859
218,220,03/20/2022,S8S114F81CMK,COBB STREET,,0,N,S22-03745,Sunday,15:52,69.0,3.0,5554,42.581327,-76.4441454
219,221,03/20/2022,S8S114F81K2K,EAST SHORE DRIVE,,2,Y,S22-03749,SUNDAY,17:10,13.0,60.0,5555,42.4977529,-76.5098078
220,222,03/21/2022,S8S109F84Q1Q,WARREN ROAD,DURCH MILL ROAD,0,N,S22-03785,Monday,17:12,9.0,77.0,5556,42.5078546,-76.4685692
221,223,03/21/2022,S8S109F84KH2,SEVEN MILE DRIVE,,0,N,S22-03780,MONDAY,15:18,18.0,99.0,5555,42.4154635,-76.5419739
222,224,03/21/2022,S8S113F83QL9,MAIN STREET,ETNA LANE,0,N,S22-03766,Monday,09:38,7.0,77.0,5552,42.4832379,-76.3800162
223,225,03/22/2022,S8S107F86F2Q,CORTLAND ROAD,SALT ROAD,0,N,S22-03806,Tuesday,05:51,4.0,77.0,5554,42.5906587,-76.3241474
224,226,03/23/2022,S8S113F88XXT,MECKLENBURG ROAD,,0,N,S22-03849,WEDNESDAY,01:10,61.0,77.0,5553,42.4516637,-76.608651
225,227,03/23/2022,S8S107F89PBD,MYERS ROAD,LEROY AVENUE,0,N,S22-03854,WEDNESDAY,06:24,61.0,77.0,5556,42.5399081,-76.5403248
226,228,03/26/2022,S8S109F8SZ01,TROY ROAD,,0,N,S22-04014,SATURDAY,19:26,2.0,13.0,5551,42.3925641,-76.472746
227,229,03/27/2022,S8S113F8PPQV,ELMIRA ROAD,,0,N,S22-04023,Sunday,00:10,99.0,77.0,5555,42.362536,-76.5957859
228,230,03/27/2022,S8S113F8RB3D,BROOKTONDALE ROAD,,0,N,S22-04043,Sunday,12:26,18.0,4.0,5550,42.3885693,-76.408205
229,231,03/28/2022,S8S108F8V9MX,WHITE CHURCH ROAD,VALLEY ROAD,0,N,S22-04103,MONDAY,10:42,66.0,77.0,5550,42.435907,-76.4809049
230,232,03/28/2022,S8S111F8V348,FREEVILLE ROAD,GEORGE RD,2,N,S22-04096,Monday,09:13,7.0,66.0,5552,42.4953511,-76.3286602
231,233,03/28/2022,S8S108F8V34D,WARREN ROAD,HANSHAW RD,0,N,S22-04098,Monday,09:31,9.0,66.0,5555,42.4672637,-76.4599749
232,234,03/28/2022,S8S117F8V7X3,EAST KING RD,RTE 96B,0,N,S22-04101,MONDAY,10:30,66.0,77.0,5555,42.3382547,-76.4567351
233,235,03/28/2022,S8S113F8V17Q,NORTH TRIPHAMMER ROAD,CATHERWOOD ROAD,0,N,S22-04095,Monday,08:57,66.0,77.0,5523,42.4837477,-76.4868685
234,236,03/29/2022,S8S108F8Z3MR,DRYDEN ROAD,MINEAH ROAD,3,N,S22-04128,Tuesday,08:04,7.0,77.0,5552,42.4607475,-76.3647911
235,237,03/29/2022,S8S111F8Z0SP,TRUMANSBURG ROAD,DUBOIS RD,0,N,S22-04127,Tuesday,07:31,9.0,4.0,5555,42.4965258,-76.556314
236,238,03/29/2022,S8S118F905F8,FIVE MILE DRIVE,ELMIRA ROAD,0,N,S22-04142,Tuesday,15:35,4.0,9.0,5555,42.362536,-76.5957859
237,239,04/01/2022,S8S118F9B97D,ELMIRA ROAD,PARK ROAD,0,N,S22-04271,FRIDAY,19:58,61.0,77.0,5555,42.4575747,-76.5488232
238,240,04/03/2022,S8S115F9H0L6,PENNSYLVANIA AVENUE EXTENSION,,0,N,S22-04332,SUNDAY,07:16,69.0,3.0,5555,42.5322356,-76.6649179
239,241,04/03/2022,S8S115F9JP6S,CODDINGTON ROAD,,0,N,S22-04349,SUNDAY,20:08,61.0,77.0,5551,42.3641481,-76.4149224
240,242,04/03/2022,S8S119F9G942,SHAFFER ROAD,,0,N,S22-04322,SUNDAY,01:46,61.0,77.0,5557,42.319418,-76.564601
241,243,04/04/2022,S8S120F9M3HG,SHEFFIELD ROAD,,0,N,S22-04376,MONDAY,14:00,61.0,77.0,5555,42.4512586,-76.5714424
242,244,04/04/2022,S8S112F9LQ1X,NORTH TRIPHAMMER ROAD,,0,N,S22-04372,Monday,11:05,3.0,3.0,5523,42.5054774,-76.490818
243,245,04/04/2022,S8S107F9M134,STATE HIGHWAY 13,WARREN RD,3,N,S22-4375,Monday,13:19,7.0,4.0,5523,42.4885848,-76.4675805
244,246,04/05/2022,S8S119F9RHL4,TROY ROAD,,0,N,S22-04435,TUESDAY,23:17,61.0,77.0,5555,42.3925641,-76.472746
245,247,04/06/2022,S8S113F9TF9D,MECKLENBURG ROAD,SHEFFIELD ROAD,0,N,S22-04452,WEDNESDAY,13:20,69.0,77.0,5553,42.4512586,-76.5714424
246,248,04/07/2022,S8DEP3F9ZMWW,RIDGE ROAD,,1,N,S22-04515,THURSDAY,19:12,2.0,66.0,5556,42.5735549,-76.5781092
247,249,04/07/2022,S8S111F9XDSF,COUNTY HOSPITAL RD,,0,N,S22-04501,Thursday,11:50,4.0,77.0,5555,42.4681473,-76.5381417
248,250,04/07/2022,S80K91F9ZRDF,ELLIS HOLLOW ROAD,,1,N,S22-04517,THURSDAY,21:15,19.0,2.0,5552,42.427384,-76.4116156
249,251,04/07/2022,S8S120F9WZJJ,NEWFIELD DEPOT ROAD,ADAMS ROAD,0,N,S22-04485,THURSDAY,00:30,27.0,77.0,5557,42.3587305,-76.5674925
250,252,04/08/2022,S8S112FB27R0,JACKSONVILLE ROAD,,0,N,,FRIDAY,16:57,4.0,77.0,5558,42.5082206,-76.614744
251,253,04/09/2022,S8S119FB5XGZ,RIDGE ROAD,,0,N,S22-04594,SATURDAY,20:02,61.0,77.0,5556,42.5735549,-76.5781092
252,254,04/11/2022,S8S113FB9N25,WEST DANBY ROAD,,0,N,S22-04640,MONDAY,23:50,61.0,77.0,5551,42.3406625,-76.5354786
253,255,04/12/2022,S8S115FBH805,UNNAMED STREET,,0,N,S22-04727,Tuesday,17:11,18.0,77.0,5555,42.4575747,-76.5488232
254,256,04/13/2022,S8S115FBLM3C,STATE HIGHWAY 79,,0,N,S22-04772,WEDNESDAY,19:25,61.0,77.0,5553,42.4187155,-76.4558606
255,257,04/13/2022,S8S119FBJSFL,PERU SOUTH LANSING ROAD,,0,N,S22-04745,WEDNESDAY,06:06,61.0,77.0,5554,-9.189967,-75.015152
256,258,04/13/2022,S8S112FBLB1M,DRYDEN ROAD,RINGWOOD ROAD,0,N,S22-04769,Wednesday,17:17,9.0,77.0,5552,42.4523797,-76.3623706
257,259,04/15/2022,S8SGT 2FBWJCR,CLARK STREET EXTENSION,LICK ST,0,N,S22-04857,FRIDAY,19:39,13.0,99.0,5554,42.5890063,-76.3433569
258,260,04/15/2022,S8S113FBR8TV,BUNDY ROAD,,0,N,S22-04827,FRIDAY,06:15,61.0,77.0,5555,42.459851,-76.5511816
259,261,04/15/2022,S8S112FBRMJ6,PARKING LOT,,0,N,S22-04837,Friday,08:49,3.0,4.0,5523,42.4575747,-76.5488232
260,262,04/16/2022,S8S113FBW3PC,PARKING LOT,CINEMA DRIVE,0,N,S22-04879,Saturday,11:01,4.0,77.0,5523,42.4798363,-76.4784257
261,263,04/16/2022,S8S112FBWFL0,NORTH TRIPHAMMER ROAD,,0,N,S22-04884,Saturday,13:26,18.0,77.0,5523,42.5054774,-76.490818
262,264,04/16/2022,S8S112FBW5J1,PERU SOUTH LANSING ROAD,,0,N,S22-04880,SATURDAY,11:25,8.0,4.0,5554,-9.189967,-75.015152
263,265,04/17/2022,S8S114FC1VN9,AUBURN ROAD,,1,N,S22-04936,SUNDAY,22:33,61.0,5.0,5556,42.5823945,-76.4930027
264,266,04/18/2022,S8S109FC2V01,EAST SHORE DRIVE,,0,N,S22-04953,MONDAY,06:28,61.0,77.0,5523,42.4977529,-76.5098078
265,267,04/18/2022,S8S109FC5P5K,RIDGE ROAD,,0,N,S22-04976,MONDAY,23:18,2.0,61.0,5556,42.5735549,-76.5781092
266,268,04/19/2022,S8S119FC5CDN,CODDINGTON ROAD,GERMAN CROSS ROAD,0,N,S22-04978,TUESDAY,00:38,12.0,66.0,5551,42.399535,-76.439759
267,269,04/19/2022,S8S111FC6RWK,NORTH TRIPHAMMER ROAD,,1,N,S22-04986,Tuesday,11:45,60.0,99.0,5523,42.5054774,-76.490818
268,270,04/19/2022,S8S111FC6GHS,MAIN STREET,UPPER CREEK ROAD,0,N,S22-04983,TUESDAY,09:30,66.0,77.0,5552,42.490333,-76.3779773
269,271,04/19/2022,S8DEP3FCWN4D,SLATERVILLE ROAD,,0,N,S22-04977,TUESDAY,00:14,99.0,77.0,5555,42.3947362,-76.3769443
270,272,04/19/2022,S8S119FC87LD,SALT ROAD,,0,N,S22-05006,TUESDAY,22:54,66.0,77.0,5554,42.5906587,-76.3241474
271,273,04/19/2022,S8S109FC89RJ,WHITE CHURCH ROAD,,0,N,S22-05007,TUESDAY,23:10,66.0,47.0,5550,42.34702,-76.3890084
272,274,04/20/2022,S8S112FCBPKS,DANBY ROAD,,1,N,S22-05044,Wednesday,16:59,4.0,9.0,5555,42.3587467,-76.4833869
273,275,04/20/2022,S8S111FC9WW5,LOWER CREEK ROAD,,0,N,S22-05027,WEDNESDAY,10:30,61.0,77.0,5552,42.476907,-76.4065461
274,276,04/20/2022,S102FCC751,HALSEYVILLE ROAD,,0,N,S22-05050,WEDNESDAY,20:41,61.0,77.0,5558,42.4893081,-76.6335186
275,277,04/21/2022,S8S119FCGCGC,PERUVILLE ROAD,,0,N,S22-05097,THURSDAY,20:52,61.0,77.0,5554,42.5473782,-76.3951711
276,278,04/22/2022,S8S116FCHP3J,MAIN STREET,,0,N,S22-05119,FRIDAY,06:12,61.0,77.0,5557,42.4962636,-76.3709838
277,279,04/22/2022,S8DEP3FCL2F2,AUBURN ROAD,,1,N,S22-05154,FRIDAY,22:32,2.0,77.0,5556,42.5823945,-76.4930027
278,280,04/23/2022,S8S113FCLT2B,STATE HIGHWAY 96,,0,N,S22-05161,SATURDAY,05:42,61.0,77.0,5558,42.4057937,-76.5454257
279,281,04/24/2022,S8S115FCRB8M,NORTH TRIPHAMMER ROAD,WATERWAGON RD,1,N,S22-05231,Sunday,15:51,7.0,4.0,5556,42.5157642,-76.4996928
280,282,04/25/2022,S8S112FCVFGD,WARREN ROAD,,0,N,S22-05276,Monday,15:08,4.0,9.0,5523,42.4885848,-76.4675805
281,283,04/27/2022,S8S119FD1KT4,CODDINGTON ROAD,,0,N,S22-05357,WEDNESDAY,05:57,61.0,77.0,5550,42.3641481,-76.4149224
282,284,04/30/2022,S8S108FDD32J,STATE HIGHWAY 96,,0,N,S22-05542,Saturday,12:21,18.0,77.0,5558,42.4057937,-76.5454257
283,285,05/01/2022,S8S115FDJ5JB,ELMIRA ROAD,,0,N,S22-05604,SUNDAY,19:06,61.0,77.0,5557,42.362536,-76.5957859
284,286,05/02/2022,S8S115FDMJKB,STATE HIGHWAY 227,,0,N,S22-05653,MONDAY,20:14,61.0,77.0,5558,42.5188688,-76.6873564
285,287,05/02/2022,S8S116FDKCJN,348 CODDINGTON ROAD,,0,N,S22-05625,Monday,03:54,77.0,77.0,5555,42.4195627,-76.48425519999999
286,288,05/03/2022,S8S119FDNT77,NELSON ROAD,,0,N,S22-05668,TUESDAY,06:18,61.0,77.0,5551,42.3862049,-76.4679369
287,289,05/03/2022,S8S119FDPR08,PARKING LOT,,0,N,S22-05680,Tuesday,13:15,99.0,77.0,5523,42.4575747,-76.5488232
288,290,05/03/2022,S8S115FDQW2X,MECKLENBURG ROAD,,0,N,S22-05693,TUESDAY,21:19,27.0,2.0,5555,42.4516637,-76.608651
289,291,05/03/2022,S8S115FDPHWL,AUBURN ROAD,,1,N,S22-05675,TUESDAY,10:59,4.0,99.0,5556,42.5823945,-76.4930027
290,292,05/04/2022,S8S119FDTJCG,DRIVEWAY,,0,N,S22-05721,Wednesday,17:35,99.0,77.0,5555,42.4575747,-76.5488232
291,293,05/04/2022,S8S112FDV5D7,HILLCREST ROAD,STORMY VIEW DRIVE,0,N,S22-05733,WEDNESDAY,22:06,61.0,77.0,5556,42.5132809,-76.4879899
292,294,05/05/2022,S8S113FDWLD5,BROOKTONDALE ROAD,SLATERVILLE ROAD,0,N,S22-05748,Thursday,08:48,9.0,77.0,5550,42.3947362,-76.3769443
293,295,05/05/2022,S8S113FDW3FW,VANKIRK ROAD,,0,N,S22-05744,THURSDAY,04:56,61.0,77.0,5557,42.3157631,-76.6008443
294,296,05/05/2022,S8S109FDZC2D,3120 NORTH TRIPHAMMER ROAD,,0,N,S22-05780,Thursday,21:57,18.0,77.0,5556,42.539133,-76.493141
295,297,05/05/2022,S8S113FDX1ZJ,GROTON ROAD,BROOKLYN ROAD,0,N,S22-05758,Thursday,12:14,7.0,77.0,5521,42.5188668,-76.3503806
296,298,05/06/2022,S8S109FF2S0J,SNYDER HILL ROAD,,0,N,S22-05826,FRIDAY,23:26,5.0,77.0,5552,42.417022,-76.4160545
297,299,05/07/2022,S8S106FF44CR,40 CATHERWOOD (TARGET),,0,,S22-05840,Saturday,,,,5523,42.4851799,-76.49089049999999
298,300,05/08/2022,S8S113FF7SC8,NORTH TRIPHAMMER ROAD,TRIPHAMMER TERRACE,0,N,S22-05892,Sunday,13:15,7.0,77.0,5556,42.5214069,-76.4855092
299,301,05/08/2022,S8S109FF88B7,40 CATHERWOOD ROAD,,0,N,S22-05896,Sunday,16:53,18.0,99.0,5523,42.4835813,-76.49137080000001
300,302,05/09/2022,S8S112FFC8DD,68 PINCKNEY ROAD,,0,N,S22-05950,MONDAY,15:10,15.0,77.0,5552,42.4752173,-76.40616159999999
301,303,05/09/2022,S8S119FF9ZZV,TAUGHANNOCK BOULEVARD,,0,N,S22-05919,MONDAY,06:00,61.0,77.0,5558,42.5385068,-76.5911337
302,304,05/10/2022,S8S120FFFC0W,WEST DANBY ROAD,,0,N,S22-05973,TUESDAY,06:50,67.0,77.0,5557,42.3406625,-76.5354786
303,305,05/11/2022,S8S105FFKVZM,MECKLENBURG ROAD,SHEFFIELD RD,0,N,S22-06054,Wednesday,17:00,7.0,77.0,5553,42.4512586,-76.5714424
304,306,05/11/2022,S8S109FFKV83,STATE HIGHWAY 13,,1,N,S22-06051,WEDNESDAY,15:50,8.0,10.0,5552,42.4290176,-76.5078603
305,307,05/11/2022,S80K91FFK5SX,MAIN STREET,,1,N,S22-06038,Wednesday,11:23,64.0,77.0,5552,42.4962636,-76.3709838
306,308,05/12/2022,S8S108FFNKX4,ELMIRA ROAD,,3,N,S22-06093,Thursday,13:11,7.0,4.0,5557,42.362536,-76.5957859
307,309,05/13/2022,S80K91FFSC51,ELMIRA ROAD,,0,N,S22-06151,Friday,17:26,18.0,77.0,5557,42.362536,-76.5957859
308,310,05/14/2022,S8DEP3FFTQ2D,GULF HILL ROAD,SWEETLAND RD & GULF HILL RD,0,N,S22-06168,SATURDAY,01:31,2.0,27.0,5552,42.53911189999999,-76.28145959999999
309,311,05/14/2022,S8S112FFVZRR,PARKING LOT,,0,N,S22-06182,Saturday,13:01,9.0,77.0,5523,42.4575747,-76.5488232
310,312,05/15/2022,S8S119FFXVFX,WEST KING ROAD,,0,N,S22-06214,SUNDAY,01:53,19.0,99.0,5555,42.3959538,-76.5216888
311,313,05/15/2022,S8S107FFZRQG,N. TRIPHAMMER ON RAMP,TRIPHAMMER RD,0,N,S22-06225,Sunday,10:08,4.0,9.0,5523,42.4619382,-76.4830975
312,314,05/16/2022,S8S108FG3JMW,NORTH TRIPHAMMER ROAD,RAMP,0,N,S22-06280,Monday,14:31,18.0,77.0,5523,42.4575747,-76.5488232
313,315,05/17/2022,S8S120FG5R1Q,ELMIRA ROAD,,0,N,S22-06315,TUESDAY,06:40,61.0,77.0,5557,42.362536,-76.5957859
314,316,05/17/2022,S109FG75JP,13 NORTH & NORTH TRIPHAMMER RO,,0,N,S22-06342,Tuesday,17:32,20.0,77.0,5523,42.5054774,-76.490818
315,317,05/18/2022,S8S112FG99C1,PERUVILLE ROAD,SCOFIELD,3,N,S22-06371,Wednesday,09:25,7.0,17.0,5556,42.5428157,-76.4539295
316,318,05/19/2022,S8S115FGFL5N,AUBURN ROAD,WOODSEDGE DRIVE,1,N,S22-06438,Thursday,17:51,9.0,4.0,5556,42.5349619,-76.4991632
317,319,05/19/2022,S8S111FGDD6Q,AUBURN ROAD,NEWMAN ROAD,0,N,S22-06412,Thursday,08:45,13.0,77.0,5556,42.5972929,-76.4842004
318,320,05/20/2022,S8S119FGJBZ9,NORTH TRIPHAMMER ROAD,,0,N,S22-06477,FRIDAY,14:40,61.0,77.0,5523,42.5054774,-76.490818
319,321,05/20/2022,S8S118FGK874,TRUMANSBURG ROAD,,0,N,S22-06492,FRIDAY,21:33,61.0,77.0,5558,42.4914674,-76.5883927
320,322,05/20/2022,S8S119FGGNDV,ELMIRA ROAD,,0,N,S22-06455,FRIDAY,02:06,61.0,77.0,5557,42.362536,-76.5957859
321,323,05/20/2022,S8S112FGK8JJ,DANBY ROAD,,0,N,S22-06489,FRIDAY,20:43,61.0,77.0,5551,42.3587467,-76.4833869
322,324,05/22/2022,S8S119FGPJ22,TAUGHANNOCK BOULEVARD,,0,N,S22-06549,SUNDAY,05:26,61.0,77.0,5558,42.5385068,-76.5911337
323,325,05/23/2022,S8S120FGTBFN,ELMIRA ROAD,WEST DANBY ROAD,0,N,S22-06583,MONDAY,09:50,61.0,77.0,5555,42.3406625,-76.5354786
324,326,05/23/2022,S8S120FGSZ41,SANDBANK ROAD,,0,N,S22-06576,MONDAY,06:50,61.0,77.0,5551,42.4057382,-76.5280003
325,327,05/24/2022,S8S119FGZMTC,EAST SHORE DRIVE,,0,N,S22-06640,TUESDAY,18:27,61.0,77.0,5556,42.4977529,-76.5098078
326,328,05/24/2022,S8S120FGXV0H,LOWER ROBERT TREMAN PARK ROAD,,0,N,S22-06627,Tuesday,12:15,77.0,77.0,5555,42.4023872,-76.54786969999999
327,329,05/25/2022,S8S119FH1HGF,DANBY ROAD,,0,N,S22-06673,WEDNESDAY,08:15,61.0,77.0,5555,42.3587467,-76.4833869
328,330,05/25/2022,S80K91FH2T09,GRAHAM ROAD,,0,N,S22-06694,Wednesday,17:38,3.0,77.0,5556,42.4856205,-76.4812785
329,331,05/25/2022,S8S114FH28SC,JUDD FALLS ROAD,MCINTYRE PLACE,0,N,S22-06684,Wednesday,13:41,7.0,69.0,5555,42.4505665,-76.4720697
330,332,05/25/2022,S8S118FH2HLQ,DANBY ROAD,,0,N,S22-06886,WEDNESDAY,15:20,8.0,27.0,5551,42.3587467,-76.4833869
331,333,05/26/2022,S80K91FH5Q47,PERUVILLE ROAD,SCOFIELD ROAD,0,N,S22-06751,Thursday,15:43,7.0,77.0,5552,42.5428157,-76.4539295
332,334,05/26/2022,S80K91FH5WL7,BURNS ROAD,SLATERVILLE ROAD,0,N,S22-06753,Thursday,17:05,9.0,77.0,5555,42.3947362,-76.3769443
333,335,05/27/2022,S8SLTDFHFXFN,EAST MILLER ROAD,,1,N,S22-06800,FRIDAY,16:45,2.0,19.0,5551,42.36958,-76.450988
334,336,05/27/2022,S109FH7P2Q,WEST DANBY ROAD,,0,N,S22-06774,FRIDAY,05:53,61.0,77.0,5551,42.3406625,-76.5354786
335,337,05/28/2022,S8DEP3FHBM5R,BOSTWICK ROAD,,0,N,S22-06830,SATURDAY,02:41,2.0,19.0,5553,42.4227499,-76.5793917
336,338,05/28/2022,S8S115FHF533,HONNESS LANE,,0,N,S22-06854,SATURDAY,23:06,4.0,77.0,5555,42.429567,-76.467524
337,339,05/29/2022,S8S107FHH02R,DRYDEN ROAD,,0,N,S22-06876,SUNDAY,13:18,61.0,77.0,5552,42.4704369,-76.4034517
338,340,05/31/2022,S8S120FHNMHH,ELMIRA ROAD,,0,N,S22-06948,Tuesday,07:40,18.0,77.0,5557,42.362536,-76.5957859
339,341,06/01/2022,S8S113FKD5P1,TRUMANSBURG ROAD,IRADELL ROAD,1,N,S22-07013,WEDNESDAY,11:59,99.0,77.0,5558,42.4805387,-76.6268373
340,342,06/01/2022,S8S113FHS676,ELLIS HOLLOW CREEK ROAD,,0,N,S22-07006,Wednesday,09:57,13.0,13.0,5552,42.4385637,-76.4055302
341,343,06/01/2022,S8S113FHS1WS,MCLEAN CORTLAND ROAD,,0,N,S22-07003,WEDNESDAY,08:49,61.0,77.0,5554,42.5928027,-76.3099663
342,344,06/01/2022,S8S108FHRVCS,TRUMANSBURG ROAD,DUBOIS ROAD,1,N,S22-07000,Wednesday,07:59,7.0,77.0,5555,42.4965258,-76.556314
343,345,06/01/2022,S8S113FHSBML,RIDGE ROAD,,0,N,S22-07011,WEDNESDAY,10:59,4.0,77.0,5556,42.5735549,-76.5781092
344,346,06/01/2022,S80K91FHSWBQ,NORTH STREET,,0,N,S22-07021,Wednesday,15:44,4.0,9.0,5552,42.4967648,-76.298019
345,347,06/02/2022,S80K91FHXWPV,LOCKE ROAD,,0,N,S22-07082,THURSDAY,21:24,61.0,77.0,5554,42.6152332,-76.4717375
346,348,06/02/2022,S8S113FHW0P7,MAIN STREET,,0,N,S22-07044,THURSDAY,06:52,61.0,77.0,5552,42.4962636,-76.3709838
347,349,06/03/2022,S80K91FJ1TM0,HORVATH DR,NORTH TRIPHAMMER ROAD,0,N,S22-07121,FRIDAY,19:09,18.0,77.0,5556,42.5054774,-76.490818
348,350,06/03/2022,S109FJ2341,TAUGHANNOCK PARK RD & FALLS RD,,0,N,S22-07128,FRIDAY,21:13,4.0,77.0,5558,42.53386889999999,-76.61806
349,351,06/05/2022,S109FJ7TJ9,MECKLENBURG ROAD,SHEFFIELD ROAD,0,N,S22-07206,Sunday,16:17,7.0,77.0,5553,42.4512586,-76.5714424
350,352,06/05/2022,S8S113FJ6J9Z,TAUGHANNOCK BOULEVARD,,0,N,S22-07190,SUNDAY,06:29,61.0,77.0,5558,42.5385068,-76.5911337
351,353,06/06/2022,S8S115FJ9NC7,WEST DANBY ROAD,,0,N,S22-07233,MONDAY,06:30,61.0,77.0,5557,42.3406625,-76.5354786
352,354,06/08/2022,S80K91FJKHF1,STATE HIGHWAY 13,,1,N,S22-07370,Wednesday,17:01,7.0,20.0,5552,42.4290176,-76.5078603
353,355,06/08/2022,S8S113FJJK2R,STATE HIGHWAY 13,STATE ROUTE 366,0,N,S22-07350,Wednesday,10:04,7.0,77.0,5552,42.4687236,-76.4091972
354,356,06/09/2022,S8S114FJNZGM,WEST GROTON ROAD,,1,N,S22-07432,THURSDAY,19:15,61.0,77.0,5554,42.6048766,-76.4205335
355,357,06/09/2022,S8S118FJNNNP,JACKSONVILLE ROAD,,0,N,S22-07424,THURSDAY,16:38,4.0,77.0,5558,42.5082206,-76.614744
356,358,06/10/2022,S8S112FJQM13,STATE HIGHWAY 13,,0,N,S22-07451,Friday,07:38,20.0,20.0,5556,42.4290176,-76.5078603
357,359,06/10/2022,S8S116FJQJNL,UNNAMED STREET,,0,N,S22-07450,Friday,06:35,18.0,77.0,5556,42.4575747,-76.5488232
358,360,06/10/2022,S8S112FJRWFV,MORRIS ROAD,,0,N,S22-07477,Friday,16:58,3.0,77.0,5552,42.5436417,-76.3298813
359,361,06/10/2022,S8S112FJR9D1,2309 N TRIPHAMMER RD #16A,,0,N,S22-07470,Friday,12:40,18.0,77.0,5523,42.4832015,-76.4822585
360,362,06/11/2022,S80K91FJW94T,WHITE CHURCH ROAD,CAROLINE DEPOT ROAD,1,N,S22-07533,Saturday,18:22,7.0,77.0,5550,42.3697377,-76.4053929
361,363,06/11/2022,S109FJWGXQ,WEST DANBY ROAD,,0,N,S22-07538,SATURDAY,19:40,61.0,77.0,5557,42.3406625,-76.5354786
362,364,06/11/2022,S8S116FJV63M,AUBURN ROAD,,0,N,S22-07521,Saturday,10:14,13.0,77.0,5556,42.5823945,-76.4930027
363,365,06/12/2022,S8S115FK059D,STATE HIGHWAY 96,JACKSONVILLE ROAD,0,N,S22-07566,Sunday,16:06,17.0,77.0,5558,42.5082206,-76.614744
364,366,06/12/2022,S8S119FK0HKG,PERU ROAD,,0,N,S22-07569,SUNDAY,18:53,61.0,77.0,5554,42.5665431,-76.3647589
365,367,06/13/2022,S8S114FK425Q,STATE HIGHWAY 13,WARREN ROAD,1,N,S22-07620,Monday,21:05,7.0,4.0,5523,42.4885848,-76.4675805
366,368,06/13/2022,S8S113FK4FHZ,STATE HIGHWAY 227,,0,N,S22-07623,MONDAY,23:59,61.0,77.0,5558,42.5188688,-76.6873564
367,369,06/13/2022,S8S119FK1DQQ,NORTH ROAD,,0,N,S22-07578,MONDAY,01:41,61.0,77.0,5552,42.5207121,-76.2992028
368,370,06/14/2022,S8S114FK53J1,RIDGE ROAD,,0,N,S22-07630,TUESDAY,05:11,61.0,77.0,5556,42.5735549,-76.5781092
369,371,06/14/2022,S8S113FK5NR3,NORTH TRIPHAMMER ROAD,HORVATH DRIVE,0,N,S22-07633,TUESDAY,07:26,61.0,77.0,5556,42.5235246,-76.4878493
370,372,06/14/2022,S8S111FK5S7D,STATE HIGHWAY 13,,1,N,S22-07639,TUESDAY,10:22,4.0,77.0,5523,42.4290176,-76.5078603
371,373,06/15/2022,S8S107FK8CZC,AUBURN ROAD,,0,N,S22-07670,WEDNESDAY,05:39,61.0,77.0,5556,42.5823945,-76.4930027
372,374,06/15/2022,S8S115FKB54S,DRYDEN ROAD,,0,N,S22-07701,WEDNESDAY,19:15,61.0,77.0,5552,42.4704369,-76.4034517
373,375,06/15/2022,S8S115FK991R,NORTH TRIPHAMMER ROAD,STATE HIGHWAY 13,0,N,S22-07687,WEDNESDAY,12:29,4.0,9.0,5556,42.4290176,-76.5078603
374,376,06/15/2022,S8S108FK8NWB,TAUGHANNOCK BOULEVARD,GLENWOOD HEIGHTS RD,0,N,S22-07672,WEDNESDAY,07:56,9.0,77.0,5555,42.49199,-76.5464473
375,377,06/16/2022,S8S113FKCVLP,DANBY ROAD,EAST KING ROAD,0,N,S22-07713,THURSDAY,07:43,9.0,77.0,5555,42.4035579,-76.4837199
376,378,06/17/2022,S8S113FKG0H5,MIDDAUGH ROAD,BEAVER CREEK ROAD,1,N,S22-07742,FRIDAY,23:25,47.0,19.0,5550,42.3773947,-76.4068866
377,379,06/17/2022,S8S113FKH3V4,MAIN STREET,JOHNSON ROAD,0,N,S22-07747,FRIDAY,08:00,7.0,69.0,5521,42.501753,-76.347363
378,380,06/17/2022,S8S115FKJTSB,ITHACA BEER DRIVE,,0,N,S22-07769,FRIDAY,21:03,3.0,99.0,5555,42.415768,-76.5328173
379,381,06/18/2022,S8S115FKNCK1,PERUVILLE ROAD,,0,N,S22-07806,SATURDAY,23:39,61.0,77.0,5556,42.5473782,-76.3951711
380,382,06/19/2022,S8S119FKZN0P,NORTH TRIPHAMMER ROAD,,0,N,S22-07827,SUNDAY,16:07,99.0,99.0,5523,42.5054774,-76.490818
381,383,06/20/2022,S8S111FKSQQG,PERU SOUTH LANSING ROAD,,0,N,S22-07849,MONDAY,08:14,9.0,77.0,5520,-9.189967,-75.015152
382,384,06/20/2022,S8S109FKV0FZ,ELMIRA ROAD,SANBANK ROAD,0,N,S22-07871,MONDAY,17:59,9.0,77.0,5555,42.4057382,-76.5280003
383,385,06/20/2022,S8S120FKT1NF,ELMIRA ROAD,SAND BANK ROAD,0,N,S22-07852,MONDAY,10:45,18.0,77.0,5555,42.4057382,-76.5280003
384,386,06/21/2022,S8S115FKXW88,DOUGLAS ROAD,,0,N,S22-07912,TUESDAY,14:50,61.0,77.0,5557,42.389187,-76.613562
385,387,06/21/2022,S8S107FKWJ1J,COBB STREET,,0,N,S22-07889,TUESDAY,05:07,61.0,77.0,5554,42.581327,-76.4441454
386,388,06/21/2022,S8S108FKWT6Z,CAYUGA RIDGE PARKING LOT,,0,N,S22-07892,TUESDAY,07:04,18.0,77.0,5555,42.4575747,-76.5488232
387,389,06/21/2022,S8S115FKZFVM,SHAFFER ROAD,,0,N,S22-07924,TUESDAY,19:25,2.0,99.0,5557,42.319418,-76.564601
388,390,06/22/2022,S8S107FL10W2,757 WARREN RD,,1,N,S22-07943,WEDNESDAY,06:11,69.0,77.0,5523,42.4900659,-76.46561729999999
389,391,06/22/2022,S8S115FL2FN1,WEST DANBY ROAD,,0,N,S22-07976,WEDNESDAY,17:51,18.0,77.0,5551,42.3406625,-76.5354786
390,392,06/23/2022,S8S113FL4LXN,PERU SOUTH LANSING ROAD,,0,N,S22-08000,THURSDAY,10:17,13.0,77.0,5554,-9.189967,-75.015152
391,393,06/23/2022,S8S108FL50KG,DRIVEWAY,,0,N,S22-08006,THURSDAY,13:30,,,5552,42.4575747,-76.5488232
392,394,06/24/2022,S8S114FL8GJD,NORTH TRIPHAMMER ROAD,,0,N,S22-08050,FRIDAY,15:11,3.0,99.0,5523,42.5054774,-76.490818
393,395,06/24/2022,S8DEP3FL9C3G,WEST DANBY ROAD,,3,N,S22-08069,FRIDAY,19:30,2.0,19.0,5557,42.3406625,-76.5354786
394,396,06/24/2022,S8S115FL8KDC,SANDBANK ROAD,,0,N,S22-08053,FRIDAY,15:46,61.0,77.0,5555,42.4057382,-76.5280003
395,397,06/24/2022,S8S121FL955R,TAUGHANNOCK BOULEVARD,,0,N,S22-07080,FRIDAY,20:32,61.0,77.0,5558,42.5385068,-76.5911337
396,398,06/24/2022,S8S109FL9JQ8,RIDGE ROAD,LANSING STATION ROAD,0,N,S22-08076,FRIDAY,22:47,61.0,77.0,5556,42.5784389,-76.59934
397,399,06/25/2022,S81203FLBC0R,BRADSHAW ROAD,,0,N,S22-08085,SATURDAY,05:30,61.0,77.0,5552,42.5030278,-76.2710356
398,400,06/25/2022,S8DEP2FQNRFX,ELMIRA ROAD,,1,N,S22-08083,SATURDAY,02:48,12.0,77.0,5555,42.362536,-76.5957859
399,401,06/26/2022,S8S109FLHGM0,BLACK OAK ROAD,,0,N,S22-08141,SUNDAY,19:29,60.0,4.0,5553,42.420347,-76.668843
400,402,06/27/2022,S8S109FLLV24,PERUVILLE ROAD,,0,N,S22-08182,MONDAY,21:10,61.0,77.0,5554,42.5473782,-76.3951711
401,403,06/28/2022,S8S116FLQCZL,AUBURN ROAD,,1,N,S22-08236,TUESDAY,23:04,2.0,19.0,5556,42.5823945,-76.4930027
402,404,06/29/2022,S8S113FLRS7G,CREST LANE,,0,N,S22-08259,WEDNESDAY,10:15,3.0,77.0,5555,42.4535964,-76.4673953
403,405,06/29/2022,S8S112FLSHQM,MOUNT PLEASANT ROAD,BAKER HILL ROAD,1,N,S22-08271,WEDNESDAY,15:39,7.0,77.0,5552,42.4583534,-76.4029068
404,406,06/29/2022,S8S111FLS0MC,WEST DANBY ROAD,DECKER ROAD,3,N,S22-08263,WEDNESDAY,11:50,7.0,77.0,5557,42.3906432,-76.5543136
405,407,06/29/2022,S8S112FLRP8B,NORTH TRIPHAMMER ROAD,,0,N,S22-08257,WEDNESDAY,09:49,4.0,77.0,5523,42.5054774,-76.490818
406,408,06/29/2022,S8S113FLRVLV,NORTH TRIPHAMMER ROAD,,0,N,S22-08261,WEDNESDAY,10:35,61.0,77.0,5556,42.5054774,-76.490818
407,409,06/29/2022,S8DEP1FP6F60,MOUNT PLEASANT ROAD,BAKER HILL ROAD,1,N,S22-08271,WEDNESDAY,15:39,7.0,77.0,5552,42.4583534,-76.4029068
408,410,07/01/2022,S8S112FM1RVH,2300 NORTH TRIPHAMMER ROAD,,0,N,S22-08376,FRIDAY,22:10,2.0,7.0,5556,42.4815338,-76.48748549999999
409,411,07/01/2022,S8S109FM1Z3H,SCHOOL STREET,,0,N,S22-08378,FRIDAY,22:59,22.0,17.0,5521,42.5541282,-76.2872778
410,412,07/02/2022,S81203FM4SCQ,CORTLAND ROAD,,0,N,S22-08423,SATURDAY,20:53,61.0,77.0,5554,42.5928027,-76.3099663
411,413,07/02/2022,S8S111FM3H2K,RIDGE ROAD,BRICKYARD,1,N,S22-08404,SATURDAY,10:54,7.0,77.0,5556,42.547457,-76.5307557
412,414,07/03/2022,S8S108FM738R,PARKING LOT,,0,N,S22-08448,SUNDAY,14:19,4.0,77.0,5523,42.4575747,-76.5488232
413,415,07/03/2022,S8DEP3FM8KQ1,W DRYDEN RD,ASBURY RD,0,N,S22-08469,SUNDAY,23:22,2.0,18.0,5552,42.5248383,-76.4704781
414,416,07/04/2022,S8S114FMBQJ5,TAUGHANNOCK BOULEVARD,,0,N,S22-08490,MONDAY,17:28,4.0,9.0,5558,42.5385068,-76.5911337
415,417,07/04/2022,S8S102FMCBF0,DRYDEN ROAD,,0,N,S22-08497,MONDAY,21:57,61.0,77.0,5552,42.4704369,-76.4034517
416,418,07/05/2022,S8S114FMFDKB,LOWER CREEK ROAD,DRYDEN ROAD,0,N,S22-08531,TUESDAY,13:22,9.0,77.0,5552,42.4704369,-76.4034517
417,419,07/05/2022,S8S116FMD8ZK,SLATERVILLE ROAD,,0,N,S22-08511,TUESDAY,03:45,61.0,77.0,5550,42.3947362,-76.3769443
418,420,07/05/2022,S8S109FMGFFQ,RIDGE ROAD,,0,N,S22-08550,TUESDAY,21:06,61.0,77.0,5556,42.5735549,-76.5781092
419,421,07/06/2022,S8S115FMK5FJ,DUBOIS ROAD,,0,N,S22-08590,WEDNESDAY,17:25,13.0,77.0,5558,42.4965258,-76.556314
420,422,07/06/2022,S8S107FMK8SG,OLD STAGE ROAD,,0,N,S22-08594,WEDNESDAY,18:29,61.0,77.0,5554,42.6000383,-76.3205147
421,423,07/06/2022,S8S113FMJX9S,NORTH TRIPHAMMER ROAD,,0,N,S22-08586,WEDNESDAY,15:39,7.0,69.0,5523,42.5054774,-76.490818
422,424,07/06/2022,S8S119FMHK66,SEARSBURG ROAD,,0,N,S22-08569,WEDNESDAY,05:42,61.0,77.0,5558,42.5368477,-76.6847398
423,425,07/07/2022,S80K91FMN998,STATE HIGHWAY 13,,0,N,S22-08639,THURSDAY,16:59,9.0,77.0,5552,42.4290176,-76.5078603
424,426,07/07/2022,S8S109FMN36M,STATE HIGHWAY 13,,0,N,S22-08633,THURSDAY,15:37,9.0,77.0,5523,42.4290176,-76.5078603
425,427,07/08/2022,S8S120FMQ8H2,BARNES HILL ROAD,,1,N,S22-07154,FRIDAY,05:30,19.0,77.0,5557,42.2973829,-76.5893289
426,428,07/08/2022,S8S119FMQ298,DANBY ROAD,,1,N,S22-08662,FRIDAY,06:31,61.0,77.0,5555,42.3587467,-76.4833869
427,429,07/10/2022,S8S112FMZG04,EAST SHORE BURDICK HILL,BURDICK HILL,0,N,S22-08787,SUNDAY,14:06,61.0,77.0,5523,42.4980909,-76.499882
428,430,07/12/2022,S8S119FN45HS,TRUMANSBURG ROAD,,0,N,S22-08877,TUESDAY,01:19,61.0,77.0,5555,42.4914674,-76.5883927
429,431,07/12/2022,S8S116FN6VQQ,RIDGE ROAD,,0,N,S22-08909,TUESDAY,21:15,61.0,77.0,5556,42.5735549,-76.5781092
430,432,07/12/2022,S8S109FN4Q64,DRYDEN HARFORD ROAD,,0,N,S22-08884,TUESDAY,05:19,61.0,77.0,5552,42.4555365,-76.2797697
431,433,07/12/2022,S8S116FN45DM,DANBY ROAD,,0,N,S22-08875,TUESDAY,00:52,61.0,77.0,5551,42.3587467,-76.4833869
432,434,07/12/2022,S8S119FN4PCF,LLOYD STARKS ROAD,,1,N,S22-08882,TUESDAY,02:59,4.0,99.0,5557,42.3676362,-76.6487899
433,435,07/13/2022,S8S115FN9P2G,WEST DANBY ROAD,,1,N,S22-08969,WEDNESDAY,18:12,11.0,99.0,5551,42.3406625,-76.5354786
434,436,07/13/2022,S8S108FN9B63,ELLLIS HOLLOW ROAD,,0,N,S22-08959,WEDNESDAY,15:32,45.0,77.0,5501,42.427384,-76.4116156
435,437,07/13/2022,S8S115FN9KCD,NEWFIELD DEPOT ROAD,,1,N,S22-08967,WEDNESDAY,17:24,46.0,77.0,5557,42.365027,-76.5696009
436,438,07/13/2022,S8S112FN878Z,PERU ROAD,,0,N,S22-08928,WEDNESDAY,07:41,4.0,77.0,5522,42.5665431,-76.3647589
437,439,07/15/2022,S8S107FNGS7T,HANSHAW ROAD,,0,N,S22-09059,FRIDAY,08:34,13.0,61.0,5552,42.4672637,-76.4599749
438,440,07/15/2022,S8S108FNGPDR,SPRING STREET EXTENSION,,0,N,S22-09057,FRIDAY,07:57,61.0,77.0,5554,42.5902701,-76.4197353
439,441,07/15/2022,S8S108FNH8GT,GRAHAM ROAD WEST,BUTLER ROAD,0,N,S22-09065,FRIDAY,12:14,13.0,77.0,5523,42.4575747,-76.5488232
440,442,07/16/2022,S8S115FNKSH7,CORTLAND ROAD,,0,N,S22-09095,SATURDAY,07:10,61.0,77.0,5554,42.5928027,-76.3099663
441,443,07/16/2022,S8S109FNM876,SLATERVILLE ROAD,,0,N,S22-09112,SATURDAY,17:45,61.0,77.0,5555,42.3947362,-76.3769443
442,444,07/17/2022,S8S107FNR8JJ,RIDGE ROAD,,0,N,S22-09156,SUNDAY,23:59,61.0,77.0,5556,42.5735549,-76.5781092
443,445,07/17/2022,S8S107FNNRRF,PORTLAND POINT ROAD,,0,N,S22-09128,SUNDAY,05:29,61.0,77.0,5556,42.5303959,-76.5281349
444,446,07/18/2022,S8S113FNSHK2,ELMIRA ROAD,,0,N,S22-09169,MONDAY,09:36,13.0,77.0,5555,42.362536,-76.5957859
445,447,07/19/2022,S8S107FNZLFP,VAN OSTRAND ROAD,,0,N,S22-09233,TUESDAY,23:48,61.0,77.0,5556,42.5708642,-76.4693449
446,448,07/20/2022,S8S113FP19JP,ELMIRA ROAD,SEVEN MILE DRIVE,0,N,S22-09263,WEDNESDAY,12:25,9.0,77.0,5555,42.4154635,-76.5419739
447,449,07/20/2022,S8S109FP2GZJ,DANBY ROAD,,0,N,S22-09280,WEDNESDAY,21:37,61.0,77.0,5555,42.3587467,-76.4833869
448,450,07/20/2022,S8S119FNZMGR,CALKINS ROAD,,0,N,S22-09234,WEDNESDAY,00:22,61.0,77.0,5555,42.4110033,-76.5510052
449,451,07/21/2022,S80SAPFP7P0W,AUBURN ROAD,,0,N,S22-09348,THURSDAY,23:31,61.0,77.0,5556,42.5823945,-76.4930027
450,452,07/21/2022,S8S105FP53W9,STATE HIGHWAY 13,HANSHAW ROAD,2,N,S22-09325,THURSDAY,16:59,18.0,77.0,5552,42.4672637,-76.4599749
451,453,07/22/2022,S81203FP6P17,UNNAMED STREET,,0,N,S22-09362,FRIDAY,04:44,42.0,99.0,5558,42.4575747,-76.5488232
452,454,07/23/2022,S8S111FPBZ8P,MECKLENBURG ROAD,SHEFFFIELD ROAD,1,N,S22-09425,SATURDAY,13:05,4.0,77.0,5553,42.4512586,-76.5714424
453,455,07/23/2022,S8S109FPCWD7,MAIN ENTRANCE ROAD,,0,N,S22-09445,SATURDAY,19:54,69.0,77.0,5558,42.4575747,-76.5488232
454,456,07/24/2022,S8S113FPF6ZH,PERRY CITY ROAD,,0,N,S22-09484,SUNDAY,05:59,61.0,77.0,5558,42.4950539,-76.6185
455,457,07/24/2022,S8S116FPHG1M,ELMIRA ROAD,,0,N,S22-09515,SUNDAY,22:06,64.0,77.0,5557,42.362536,-76.5957859
456,458,07/24/2022,S8S111FPG45D,DUBOIS ROAD,,0,N,S22-09493,SUNDAY,12:36,61.0,77.0,5558,42.4965258,-76.556314
457,459,07/25/2022,S8S113FPJVN9,RAMP,NORTH TRIPHAMMER ROAD,1,N,S22-09529,MONDAY,09:27,7.0,77.0,5523,42.5054774,-76.490818
458,460,07/26/2022,S8S116FPM0G0,STATE HIGHWAY 13,,0,N,S22-09570,TUESDAY,01:07,8.0,7.0,5552,42.4290176,-76.5078603
459,461,07/26/2022,S8S119FPM46L,TOWER ROAD,,0,N,S22-09577,TUESDAY,02:20,19.0,99.0,5557,42.4475679,-76.474457
460,462,07/26/2022,S8S115FPNZGL,HALSEYVILLE ROAD,AIKEN ROAD,0,N,S22-09600,TUESDAY,15:39,7.0,77.0,5553,42.464177,-76.661677
461,463,07/28/2022,S8S108FPVJFP,RIDGE ROAD,,0,N,S22-09679,THURSDAY,09:26,19.0,77.0,5556,42.5735549,-76.5781092
462,464,07/28/2022,S8S112FPWP1P,SLATERVILLE ROAD,,0,N,S22-09705,THURSDAY,18:08,26.0,9.0,5555,42.3947362,-76.3769443
463,465,07/28/2022,S8S108FPW2K4,UPTOWN ROAD,BURLEIGH DRIVE,0,N,S22-09696,THURSDAY,13:55,19.0,77.0,5555,42.4750609,-76.475488
464,466,07/28/2022,S8S119FPT78H,DANBY ROAD,,0,N,S22-09658,THURSDAY,00:14,61.0,77.0,5551,42.3587467,-76.4833869
465,467,07/28/2022,S80K91FPX2MV,DANBY ROAD,,0,N,S22-09711,THURSDAY,21:35,13.0,77.0,5551,42.3587467,-76.4833869
466,468,07/29/2022,S8S120FPZDPM,MECKLENBURG ROAD,CONIFER DRIVE,0,N,S22-09727,FRIDAY,07:20,26.0,77.0,5555,42.4507372,-76.531258
467,469,08/01/2022,S8S112FQ9201,STATE HIGHWAY 13,HANSHAW ROAD,0,N,S22-09863,MONDAY,07:41,4.0,77.0,5552,42.4672637,-76.4599749
468,470,08/02/2022,S8S110FQF9M3,CATHERWOOD ROAD,N TRIPHAMMER ROAD,1,N,S22-09912,TUESDAY,15:20,9.0,77.0,5523,42.5054774,-76.490818
469,471,08/02/2022,S8S110FQG07T,CAYUGA MALL // 2309 N TRIPHAMM,N TRIPHAMMER ROAD,0,N,S22-09924,TUESDAY,20:32,9.0,77.0,5523,42.5054774,-76.490818
470,472,08/03/2022,S8S113FQK6L6,ELMIRA ROAD,SEVEN MILE DRIVE,0,Y,S22-09979,WEDNESDAY,17:38,14.0,77.0,5555,42.4154635,-76.5419739
471,473,08/03/2022,S8S112FQK5GD,PERUVILLE ROAD,,0,N,S22-09986,WEDNESDAY,20:44,61.0,77.0,5552,42.5473782,-76.3951711
472,474,08/05/2022,S8S109FQQQ2X,MILLARD HILL ROAD,,0,N,S22-10075,FRIDAY,14:06,13.0,77.0,5557,42.385081,-76.5964669
473,475,08/05/2022,S8S112FQQGJX,PARKING LOT,,0,N,S22-10069,FRIDAY,12:35,4.0,77.0,5523,42.4575747,-76.5488232
474,476,08/05/2022,S8S109FQRPSL,DRIVEWAY OF 1472 ELMIRA ROAD,,0,N,S22-10094,FRIDAY,21:37,3.0,77.0,5557,42.3747776,-76.5752147
475,477,08/05/2022,S8S110FQRC1G,NORTH TRIPHAMMER ROAD,WATERWAGON RD,0,N,S22-10088,FRIDAY,18:58,7.0,77.0,5556,42.5157642,-76.4996928
476,478,08/06/2022,S8S116FQTLXH,LOWER CREEK ROAD,,0,N,S22-10113,SATURDAY,11:54,3.0,77.0,5552,42.476907,-76.4065461
477,479,08/06/2022,S80K91FQV9SZ,SLATERVILLE ROAD,,1,N,S22-10116,SATURDAY,16:54,9.0,77.0,5552,42.3947362,-76.3769443
478,480,08/07/2022,S8S107FR0FT7,LOCKERBY HILL ROAD,,0,N,S22-10162,SUNDAY,23:24,60.0,99.0,5556,42.5942979,-76.543503
479,481,08/08/2022,S8S112FR1KHJ,STATE HIGHWAY 222,,0,N,S2210175,MONDAY,08:16,4.0,77.0,5554,42.5929126,-76.3059331
480,482,08/09/2022,S8S108FR4XQB,MECKLENBURG ROAD,PODUNK ROAD,0,N,S22-10215,TUESDAY,09:46,9.0,77.0,5553,42.486441,-76.6523823
481,483,08/10/2022,S8S112FR8BQ6,UPPER CREEK ROAD,,2,N,S22-10256,THURSDAY,11:41,27.0,4.0,5552,42.490333,-76.3779773
482,484,08/11/2022,S8S116FRDZ4Q,SLATERVILLE ROAD,,0,N,S22-010318,THURSDAY,20:59,61.0,77.0,5550,42.3947362,-76.3769443
483,485,08/11/2022,S81203FRDDRD,DANBY ROAD,COMFORT ROAD,0,N,S22-10314,THURSDAY,17:39,9.0,77.0,5551,42.3598619,-76.5062134
484,486,08/11/2022,S8S107FRC2F1,MAIN STREET,,0,N,S22-10297,THURSDAY,07:59,61.0,77.0,5552,42.4962636,-76.3709838
485,487,08/11/2022,S8S107FRDBR9,TRUMANSBURG ROAD,DRIVEWAY 1301 TRUMANSBURG ROAD,0,N,S22-10310,THURSDAY,17:24,7.0,69.0,5555,42.4682494,-76.5412817
486,488,08/11/2022,S8S120FRC098,PERRY CITY ROAD,,0,N,S22-10296,THURSDAY,07:15,61.0,77.0,5558,42.4950539,-76.6185
487,489,08/12/2022,S8S112FRG69W,RIDGE ROAD,,0,N,S22-10326,FRIDAY,07:20,61.0,77.0,5556,42.5735549,-76.5781092
488,490,08/13/2022,S8S112FRKX1V,NORTH TRIPHAMMER ROAD,NORTH TRIPHAMMER ROAD,1,N,S22-10373,SATURDAY,11:19,17.0,77.0,5556,42.5054774,-76.490818
489,491,08/13/2022,S8S116FRLRH4,VAN DORN ROAD SOUTH,,1,N,S22-10384,SATURDAY,17:06,4.0,77.0,5553,42.4299959,-76.5900379
490,492,08/13/2022,S8S111FRL5TB,STATE HIGHWAY 79,,0,N,S22-10375,SATURDAY,13:08,21.0,77.0,5553,42.4187155,-76.4558606
491,493,08/13/2022,S8S114FRKZBB,WHITE CHURCH ROAD,VALLEY ROAD,1,N,S22-10374,SATURDAY,11:23,7.0,77.0,5550,42.435907,-76.4809049
492,494,08/13/2022,S8S116FRLXTS,CONNECTICUT HILL ROAD,,0,N,S22-10385,SATURDAY,18:48,19.0,77.0,5553,42.3608489,-76.6796446
493,495,08/14/2022,S8S113FRQ7G7,DRYDEN ROAD,,0,N,S22-10414,SUNDAY,19:28,61.0,77.0,5552,42.4704369,-76.4034517
494,496,08/15/2022,S8S112FRSDLL,RAMP,,0,N,S22-10436,MONDAY,11:57,4.0,77.0,5523,42.4575747,-76.5488232
495,497,08/15/2022,S8S114FRTKDK,MILLARD HILL ROAD,,0,N,S22-10453,MONDAY,20:50,61.0,77.0,5557,42.385081,-76.5964669
496,498,08/16/2022,S8S119FRVB9W,MAIN STREET,,0,N,S22-10457,TUESDAY,01:48,8.0,77.0,5553,42.4962636,-76.3709838
497,499,08/16/2022,S8S114FRVRW5,ELLIS HOLLOW CREEK ROAD,,0,N,S22-10459,TUESDAY,05:20,3.0,77.0,5552,42.4385637,-76.4055302
498,500,08/17/2022,S8S116FS173C,NORTH TRIPHAMMER ROAD,N TRIPHAMMER RD AND ENTRANCEDR,1,N,S22-10508,WEDNESDAY,14:47,7.0,77.0,5523,42.5054774,-76.490818
499,501,08/17/2022,S8S114FS07BB,EAST SHORE DRIVE,,0,N,S22-10494,WEDNESDAY,07:32,61.0,77.0,5523,42.4977529,-76.5098078
500,502,08/17/2022,S80K91FS1KD1,DRYDEN ROAD,,1,N,S22-10515,WEDNESDAY,17:44,9.0,77.0,5552,42.4704369,-76.4034517
501,503,08/17/2022,S8S116FS1GVH,STATE HIGHWAY 96,,0,N,S22-10513,WEDNESDAY,16:55,9.0,77.0,5558,42.4057937,-76.5454257
502,504,08/18/2022,S8S110FS5F9B,PERU SOUTH LANSING ROAD,,0,N,S22-10579,THURSDAY,22:36,61.0,77.0,5552,-9.189967,-75.015152
503,505,08/19/2022,S8S111FS7J8M,WEST DANBY ROAD,SHORT ROAD,0,N,S22-10610,FRIDAY,13:56,61.0,77.0,5551,42.5240006,-76.4236867
504,506,08/19/2022,S8S110FS886C,RIDGE ROAD,,0,N,S22-10620,FRIDAY,19:46,21.0,77.0,5556,42.5735549,-76.5781092
505,507,08/19/2022,S8S107FS639C,COBB STREET,,0,N,S22-10591,FRIDAY,03:36,61.0,77.0,5554,42.581327,-76.4441454
506,508,08/19/2022,S8S113FS70C7,NY STATE RT 79,,0,N,S22-10600,FRIDAY,10:00,9.0,99.0,5550,42.4187155,-76.4558606
507,509,08/19/2022,S8S111FS6VHP,PERRY CITY ROAD,TRUMANSBURG ROAD,1,N,S22-10598,FRIDAY,09:23,9.0,77.0,5558,42.4914674,-76.5883927
508,510,08/19/2022,S8S116FS866V,VANKIRK ROAD,IRISH HILL ROAD,0,N,S22-10617,FRIDAY,17:58,18.0,77.0,5557,42.2940308,-76.6412747
509,511,08/19/2022,S8S107FS6TVL,RIDGE ROAD,BRICKYARD ROAD,0,N,S22-10599,SATURDAY,09:21,61.0,77.0,5556,42.547457,-76.5307557
510,512,08/19/2022,S8S110FS7ZM0,AUBURN ROAD,,0,N,S22-10615,FRIDAY,17:32,61.0,77.0,5556,42.5823945,-76.4930027
511,513,08/22/2022,S8S107FSJJN5,NORTH TRIPHAMMER ROAD,CRAFT RD,2,N,S22-10700,MONDAY,10:04,9.0,99.0,5523,42.4911509,-76.485812
512,514,08/22/2022,S8S110FSKRL9,AUBURN ROAD,,0,N,S22-10717,MONDAY,19:04,61.0,77.0,5556,42.5823945,-76.4930027
513,515,08/23/2022,S8S108FSMFT9,RAILROAD STREET,,1,N,S22-10725,TUESDAY,07:19,8.0,77.0,5521,42.5120081,-76.3418001
514,516,08/23/2022,S8S108FSN469,CORTLAND ROAD,CORTLAND ROAD AND BAHAR DR,0,N,S22-10732,TUESDAY,12:28,9.0,77.0,5552,42.5038055,-76.29782229999999
515,517,08/23/2022,S81203FSP38C,GOODMAN ROAD,,0,N,S22-10747,TUESDAY,20:07,61.0,77.0,5556,42.5760753,-76.462685
516,518,08/24/2022,S8S109FSS900,WEST DRYDEN ROAD,,0,N,S22-10797,WEDNESDAY,19:42,61.0,77.0,5552,42.5173595,-76.4036654
517,519,08/24/2022,S8S115FSRWMN,TRUMANSBURG ROAD,,0,N,S22-10789,WEDNESDAY,17:09,4.0,9.0,5555,42.4914674,-76.5883927
518,520,08/24/2022,S8S116FSR3HW,AUBURN ROAD,,3,N,S22-10774,WEDNESDAY,10:45,7.0,77.0,5556,42.5823945,-76.4930027
519,521,08/25/2022,S8S116FSWQBR,BOSTWICK ROAD,GOODWIN DRIVE,0,N,S22-10854,THURSDAY,21:52,15.0,77.0,5553,42.424262,-76.5772342
520,522,08/25/2022,S8S110FSW4HD,2250 N TRIPHAMMER ROAD PARKING,,0,N,S22-10829,THURSDAY,17:22,7.0,69.0,5523,42.4786909,-76.4860849
521,523,08/26/2022,S8SGT2FT3FKV,STATE HIGHWAY 13,,0,N,S22-10920,FRIDAY,23:50,2.0,13.0,5552,42.4290176,-76.5078603
522,524,08/26/2022,S8S116FT0FSK,PODUNK ROAD,,0,N,S22-10903,FRIDAY,17:59,4.0,77.0,5558,42.486441,-76.6523823
523,525,08/27/2022,S8S115FT3B94,NELSON ROAD,E MILLER ROAD,3,N,S22-10944,SATURDAY,15:40,17.0,77.0,5551,42.36958,-76.450988
524,526,08/27/2022,S8S109FT1C30,CORTLAND ROAD,,0,N,S22-10923,SATURDAY,01:10,61.0,77.0,5554,42.5928027,-76.3099663
525,527,08/27/2022,S8S111FT2PWZ,MAIN STREET,GROTON AVE,0,N,S22-10935,SATURDAY,10:23,19.0,18.0,5521,42.5125953,-76.3509584
526,528,08/29/2022,S8S104FT955T,RIDGE ROAD,BEACH ROAD,0,N,S22-11039,MONDAY,11:31,8.0,77.0,5556,42.2988047,-76.5431352
527,529,08/29/2022,S8S108FT8PT1,GROTON ROAD,,0,N,S22-11028,MONDAY,08:03,61.0,77.0,5552,42.5337913,-76.3599194
528,530,08/30/2022,S8S112FTFSPL,EAST KING ROAD,SOUTHWOODS DRIVE,0,N,S22-11101,TUESDAY,22:11,7.0,77.0,5555,42.4021774,-76.4695571
529,531,08/30/2022,S8S105FTFLP8,PINE TREE ROAD,HONNESS LANE,0,N,S22-11095,TUESDAY,20:49,61.0,77.0,5555,42.429567,-76.467524
530,532,08/31/2022,S8S116FTJ3SD,WEST KING ROAD,STONEQUARRY RD AND WEST KING R,0,N,S22-11124,WEDNESDAY,15:43,7.0,77.0,5555,42.41005089999999,-76.5072199
531,533,08/31/2022,S80K91FTJFTD,AUBURN ROAD,,0,N,S22-11132,WEDNESDAY,18:03,4.0,77.0,5556,42.5823945,-76.4930027
532,534,09/01/2022,S8S109FTN01L,PODUNK ROAD,,0,N,S22-11187,THURSDAY,20:41,61.0,77.0,5553,42.486441,-76.6523823
533,535,09/01/2022,S8S111FTLPL9,BARNES HILL ROAD,,0,N,S22-11162,THURSDAY,10:49,61.0,77.0,5557,42.2973829,-76.5893289
534,536,09/02/2022,S8S110FTQKX8,WARREN ROAD,WARREN ROAD AND FARRELL ROAD,0,N,S22-11245,FRIDAY,16:14,7.0,18.0,5556,42.5145916,-76.4721544
535,537,09/03/2022,S8DEP3FTS7F6,BROOKTONDALE ROAD,SLATERVILLE ROAD,0,N,S22-11270,SATURDAY,02:34,2.0,19.0,5552,42.3947362,-76.3769443
536,538,09/03/2022,S8S113FTSFS0,ELMIRA ROAD,,0,N,S22-11274,SATURDAY,06:15,61.0,77.0,5557,42.362536,-76.5957859
537,539,09/03/2022,S8S112FTSPWC,CORTLAND ROAD,,0,N,S22-11278,SATURDAY,08:37,61.0,99.0,5554,42.5928027,-76.3099663
538,540,09/03/2022,S8S105FTV97L,ELMIRA ROAD,,0,N,S22-11299,SATURDAY,20:10,17.0,4.0,5555,42.362536,-76.5957859
539,541,09/03/2022,S8S108FTT9G2,MECKLENBURG ROAD,APPLEGATE ROAD NORTH,0,N,S22-11286,SATURDAY,12:45,61.0,77.0,5553,42.4661087,-76.6122124
540,542,09/03/2022,S8S112FTTD08,NORTH TRIPHAMMER ROAD,,0,N,S22-11288,SATURDAY,13:30,4.0,77.0,5523,42.5054774,-76.490818
541,543,09/04/2022,S8S114FV05MM,LAKE STREET,DORSEY HILL,0,N,S22-11333,SUNDAY,23:30,4.0,19.0,5524,42.4575747,-76.5488232
542,544,09/04/2022,S8S110FV06SZ,RIDGE ROAD,,3,N,S22-11332,SUNDAY,23:42,2.0,99.0,5556,42.5735549,-76.5781092
543,545,09/04/2022,S8S115FTZ7DR,COUNTY HOSPITAL RD,,0,N,S22-11325,SUNDAY,17:53,3.0,77.0,5555,42.4681473,-76.5381417
544,546,09/04/2022,S8S115FTXJWT,TAUGHANNOCK BOULEVARD,,1,N,S22-11321,SUNDAY,12:38,7.0,4.0,5555,42.5385068,-76.5911337
545,547,09/05/2022,S8S113FV1X50,SLATERVILLE ROAD,BURNS ROAD,0,N,S22-11347,MONDAY,14:17,42.0,66.0,5555,42.4091943,-76.4565359
546,548,09/05/2022,S8S120FV1N3P,STONE QUARRY ROAD,STONE QUARRY ROAD,0,N,S22-11344,MONDAY,12:20,18.0,77.0,5555,42.418762,-76.510323
547,549,09/06/2022,S8S109FV615T,EAST SHORE DRIVE,,0,N,S22-11401,TUESDAY,21:08,61.0,77.0,5556,42.4977529,-76.5098078
548,550,09/06/2022,S8S115FV6063,SANDBANK ROAD,,0,N,S22-11400,TUESDAY,20:18,64.0,77.0,5555,42.4057382,-76.5280003
549,551,09/07/2022,S8S111FV7HX1,MAIN STREET,,0,N,S22-11421,WEDNESDAY,08:04,9.0,77.0,5552,42.4962636,-76.3709838
550,552,09/08/2022,S8S118FVCRTC,PERRY CITY ROAD,DUBOIS ROAD,0,N,S22-11473,THURSDAY,16:00,7.0,77.0,5558,42.4965258,-76.556314
551,553,09/09/2022,S8S114FVFSD4,WOOD ROAD,SHELDON RD,0,N,S22-11501,FRIDAY,07:09,9.0,4.0,5552,42.5203019,-76.414706
552,554,09/09/2022,S8S110FVHMZV,DUTCH MILL ROAD,,0,N,S2211526,FRIDAY,21:20,61.0,77.0,5556,42.5078546,-76.4685692
553,555,09/10/2022,S8S112FVKMWS,AUBURN ROAD,GREEN ROAD,0,N,S22-11544,SATURDAY,12:28,61.0,77.0,5556,42.5528592,-76.5344919
554,556,09/10/2022,S8S111FVKBGX,MAIN STREET,GROTON AVE,0,N,S22-11542,SATURDAY,09:22,20.0,77.0,5521,42.5125953,-76.3509584
555,557,09/11/2022,S8S112FVPQDN,GULF ROAD,,0,N,S2211581,SUNDAY,19:36,19.0,4.0,5556,42.5915796,-76.5061181
556,558,09/11/2022,S8S112FVNTP3,AUBURN ROAD,NORTH TRIPHAMMER ROAD,0,N,S22-11572,SUNDAY,12:26,4.0,9.0,5556,42.5054774,-76.490818
557,559,09/11/2022,S8S109FVPCC7,PARKING LOT,,0,N,S22-11578,SUNDAY,16:08,3.0,77.0,5523,42.4575747,-76.5488232
558,560,09/12/2022,S8S118FVT3DN,STATE HIGHWAY 96,,0,N,S22-11617,MONDAY,19:38,61.0,77.0,5558,42.4057937,-76.5454257
559,561,09/12/2022,S8S120FVRDV5,WEST DANBY ROAD,,0,N,S22-11594,MONDAY,07:00,61.0,77.0,5557,42.3406625,-76.5354786
560,562,09/13/2022,S8DEP1FVV30F,2372 SPENCER ROAD,,0,N,S22-11625,TUESDAY,00:48,2.0,4.0,5551,42.3168329,-76.531022
561,563,09/14/2022,S8S110FW1HCR,RIDGE ROAD,,0,N,S22-11708,WEDNESDAY,20:01,61.0,77.0,5556,42.5735549,-76.5781092
562,564,09/14/2022,S8S114FVXSMB,ELLIS HOLLOW CREEK ROAD,,0,N,S22-11667,WEDNESDAY,23:45,61.0,77.0,5552,42.4385637,-76.4055302
563,565,09/14/2022,S8S110FW0Z0Z,RIDGE ROAD,,0,N,S22-11699,WEDNESDAY,15:41,61.0,77.0,5556,42.5735549,-76.5781092
564,566,09/15/2022,S8S120FW37QK,MECKLENBURG ROAD,,0,N,S22-11721,THURSDAY,09:12,18.0,77.0,5555,42.4516637,-76.608651
565,567,09/15/2022,S8S108FW388G,NORTH STREET,,0,N,S22-11723,THURSDAY,09:15,9.0,77.0,5552,42.4967648,-76.298019
566,568,09/16/2022,S8S108FW69HD,HAYTS ROAD,,0,N,S22-11779,FRIDAY,07:38,61.0,77.0,5553,42.4665444,-76.5871689
567,569,09/16/2022,S8S119FW8G85,BOSTWICK ROAD,,0,N,S22-11818,FRIDAY,23:54,4.0,99.0,5555,42.4227499,-76.5793917
568,570,09/17/2022,S81203FW9WQK,ELM STREET EXT,,0,N,S22-11832,SATURDAY,11:18,4.0,77.0,5555,42.5855167,-76.306947
569,571,09/18/2022,S8DEP3FWCTXV,GROTON ROAD,,1,N,S22-11848,SUNDAY,00:03,2.0,19.0,5552,42.5337913,-76.3599194
570,572,09/18/2022,S8S108FWFBR4,LEXINGTON DRIVE,,0,N,S22-11863,SUNDAY,12:33,4.0,77.0,5555,42.476759,-76.473383
571,573,09/19/2022,S8S116FWK842,TRUMANSBURG ROAD,,1,N,S22-11905,MONDAY,17:46,77.0,77.0,5555,42.4914674,-76.5883927
572,574,09/19/2022,S8S119FWHMF4,TAUGHANNOCK BOULEVARD,,0,N,S22-11885,MONDAY,06:20,61.0,77.0,5558,42.5385068,-76.5911337
573,575,09/20/2022,S8S114FWP588,SEVEN MILE DRIVE,,0,N,S22-11954,TUESDAY,23:22,61.0,77.0,5555,42.4154635,-76.5419739
574,576,09/20/2022,S8S120FWM49H,ELMIRA ROAD,,0,N,S22-11921,TUESDAY,08:10,13.0,77.0,5557,42.362536,-76.5957859
575,577,09/21/2022,S8S118FWQJ4B,BURDICK HILL ROAD,EAST SHORE,0,N,S22-11970,WEDNESDAY,09:40,4.0,77.0,5556,42.4977529,-76.5098078
576,578,09/21/2022,S8S106FWRGW5,CANDLEWYCK PARK,,0,N,S22-11989,WEDNESDAY,16:42,3.0,77.0,5555,42.4604321,-76.527714
577,579,09/21/2022,S8S106FWRWT8,ELMIRA ROAD,,0,N,S22-11998,WEDNESDAY,19:44,61.0,77.0,5557,42.362536,-76.5957859
578,580,09/22/2022,S8S111FWV6MW,ENFIELD MAIN ROAD,,0,N,S22-12042,THURSDAY,13:22,9.0,77.0,5553,42.4331109,-76.6319858
579,581,09/22/2022,S8S111FWTSPQ,BOSTWICK ROAD,SHEFFIELD ROAD,0,N,S22-12029,THURSDAY,10:15,4.0,77.0,5553,42.4512586,-76.5714424
580,582,09/23/2022,S8S110FWXJKC,WEST DANBY ROAD,,0,N,S22-12066,FRIDAY,06:41,61.0,77.0,5551,42.3406625,-76.5354786
581,583,09/24/2022,S8S108FX1WNT,SHAFFER ROAD,,0,N,S22-12131,SATURDAY,07:59,61.0,77.0,5557,42.319418,-76.564601
582,584,09/24/2022,S8S108FX1ST8,RACHEL CARSON WAY,,0,N,S22-12129,SATURDAY,07:24,61.0,77.0,5555,42.4441223,-76.5405406
583,585,09/25/2022,S8S115FX4WRB,IRISH SETTLEMENT RD,,0,N,S22-12172,SUNDAY,06:27,64.0,69.0,5552,42.4577481,-76.3183001
584,586,09/25/2022,S8S108FX5DXZ,DRYDEN ROAD,GEORGE ROAD,0,N,S22-12176,SUNDAY,10:15,7.0,77.0,5552,42.4953511,-76.3286602
585,587,09/26/2022,S8S116FX8NVV,GASLIGHT VILLAGE,,0,N,S22-12222,MONDAY,11:05,3.0,77.0,5523,42.4803653,-76.4748227
586,588,09/27/2022,S8S112FXCXB5,PARKING LOT,,0,N,S22-12291,TUESDAY,11:02,4.0,77.0,5523,42.4575747,-76.5488232
587,589,09/27/2022,S8S110FXC9F8,BROWN ROAD,,0,N,S22-12269,TUESDAY,06:38,61.0,77.0,5554,42.4875954,-76.4616368
588,590,09/27/2022,S8S109FXCQ9W,AUBURN ROAD,,0,N,S22-12279,TUESDAY,08:10,99.0,99.0,5556,42.5823945,-76.4930027
589,591,09/28/2022,S8S119FXJRRN,ELLIS HOLLOW ROAD,,0,N,S22-12387,THURSDAY,23:37,61.0,77.0,5552,42.427384,-76.4116156
590,592,09/28/2022,S8S108FXFM6P,CORTLAND ROAD,GULF HILL RD,0,N,S22-12338,WEDNESDAY,00:03,61.0,77.0,5552,42.5424659,-76.2841015
591,593,09/28/2022,S8S109FXJF00,PERU ROAD,,0,N,S22-12383,WEDNESDAY,20:56,47.0,77.0,5554,42.5665431,-76.3647589
592,594,09/29/2022,S8S113FXK8ZV,BLACK OAK ROAD,WEATHERBY ROAD,0,N,S22-12404,THURSDAY,03:23,61.0,77.0,5553,42.4120799,-76.678078
593,595,09/29/2022,S8S108FXL6ZP,BOSTWICK ROAD,,0,N,S22-12421,THURSDAY,10:17,4.0,77.0,5555,42.4227499,-76.5793917
594,596,09/30/2022,S8S110FXQJQ6,RIDGE ROAD,,0,N,S22-12524,FRIDAY,19:00,61.0,77.0,5556,42.5735549,-76.5781092
595,597,10/01/2022,S8DEP3FXS1F1,CAYUGA HEIGHTS ROAD,,0,N,S22-12552,SATURDAY,03:46,2.0,77.0,5523,42.4766371,-76.4989472
596,598,10/01/2022,S8S109FXSTCC,58 SOUTHWORTH ROAD,,0,N,S22-12565,SATURDAY,11:43,4.0,77.0,5552,42.4810348,-76.286129
597,599,10/01/2022,S8S115FXTXBM,DANBY ROAD,,0,N,S22-12583,SATURDAY,20:02,61.0,77.0,5551,42.3587467,-76.4833869
598,600,10/02/2022,S8S108FXXVSZ,SHEFFIELD ROAD,,0,N,S22-12639,SUNDAY,18:27,61.0,77.0,5553,42.4512586,-76.5714424
599,601,10/03/2022,S8S106FXZVGQ,PERUVILLE ROAD,,0,N,S22-12666,MONDAY,01:54,61.0,77.0,5552,42.5473782,-76.3951711
600,602,10/04/2022,S8S116FZ5V1F,TAUGHANNOCK BOULEVARD,,1,N,S22-12780,TUESDAY,22:29,4.0,77.0,5558,42.5385068,-76.5911337
601,603,10/04/2022,S8S112FZ5350,CORTLAND ROAD,DUTCHER ROAD,0,N,S22-12760,TUESDAY,16:59,13.0,77.0,5552,42.5230148,-76.2908973
602,604,10/05/2022,S8S112FZ71DB,WARREN ROAD,,0,N,S22-12797,WEDNESDAY,07:51,61.0,77.0,5523,42.4885848,-76.4675805
603,605,10/05/2022,S8S116FZ8HPW,101 HARRIS B DATES DR,,0,N,S22-12824,WEDNESDAY,16:58,3.0,99.0,5555,42.4671398,-76.5387121
604,606,10/05/2022,S8S109FZ88Q7,NORTH TRIPHAMMER ROAD,AIDAN'S LANE,0,N,S22-12820,WEDNESDAY,16:53,9.0,77.0,5556,42.4575747,-76.5488232
605,607,10/05/2022,S80K91FZ954W,NORTH ROAD,,0,N,S22-12842,WEDNESDAY,22:55,13.0,17.0,5552,42.5207121,-76.2992028
606,608,10/05/2022,S8S112FZ7M8N,NORTH TRIPHAMMER ROAD,PYRAMID DRIVE,0,N,S22-12810,WEDNESDAY,12:33,4.0,77.0,5556,42.4824857,-76.486499
607,609,10/05/2022,S8S109FZ72JM,MECKLENBURG ROAD,,0,N,S22-12798,WEDNESDAY,07:50,9.0,61.0,5555,42.4516637,-76.608651
608,610,10/06/2022,S8S113FZB9JT,DRYDEN ROAD,,0,N,S22-12857,THURSDAY,07:53,77.0,77.0,5552,42.4704369,-76.4034517
609,611,10/06/2022,S8S111FZB4FC,ADAMS ROAD,,0,N,S22-12854,THURSDAY,06:37,61.0,77.0,5557,42.3587305,-76.5674925
610,612,10/06/2022,S8S112FZB94M,SALT ROAD,,0,N,S22-12856,THURSDAY,07:44,61.0,77.0,5554,42.5906587,-76.3241474
611,613,10/06/2022,S8S110FZ9G5W,ELMIRA ROAD,,0,N,S22-12848,THURSDAY,01:07,8.0,19.0,5557,42.362536,-76.5957859
612,614,10/06/2022,S8S112FZBKWF,NORTH WOOD ROAD,,0,N,S22-12862,THURSDAY,10:19,4.0,77.0,5554,42.5400672,-76.3953073
613,615,10/07/2022,S8S118FZH0J9,ENFIELD FALLS ROAD,,1,N,S22-12926,FRIDAY,19:13,19.0,99.0,5555,42.4061947,-76.5822069
614,616,10/07/2022,S8S113FZGGBW,MCDONALDS PARKING LOT,,0,N,S22-12914,FRIDAY,15:24,4.0,77.0,5523,42.4575747,-76.5488232
615,617,10/07/2022,S8S112FZH361,AUBURN ROAD,,0,N,S22-12928,FRIDAY,19:55,61.0,77.0,5556,42.5823945,-76.4930027
616,618,10/08/2022,S8S119FZHSX2,COY GLEN ROAD,,2,N,S22-12947,SATURDAY,01:02,5.0,4.0,5555,42.4313609,-76.531813
617,619,10/08/2022,S8S107FZHQZX,EAST SHORE DRIVE,,0,N,S22-12944,SATURDAY,00:57,4.0,77.0,5556,42.4977529,-76.5098078
618,620,10/08/2022,S8S113FZK299,TAUGHANNOCK BLVD,,0,N,S22-12965,SATURDAY,10:38,18.0,77.0,5555,42.4817143,-76.5352388
619,621,10/09/2022,S8S116FZN5B6,SOVOCOOL HILL ROAD,,0,N,S22-13014,SUNDAY,10:11,61.0,77.0,5554,42.5758858,-76.4145207
620,622,10/10/2022,S8S113FZQX2W,MECKLENBURG ROAD,,0,N,S22-13049,MONDAY,06:30,61.0,77.0,5555,42.4516637,-76.608651
621,623,10/10/2022,S8S116FZR5TJ,SALT ROAD,CLARK STREET EXTENSION,1,N,S22-13051,MONDAY,08:41,7.0,77.0,5554,42.6072743,-76.3275886
622,624,10/10/2022,S8S112FZSBTS,DANBY ROAD,ALUMNI CIRCLE,0,N,S22-13071,MONDAY,17:19,18.0,27.0,5555,42.4216352,-76.4997526
623,625,10/10/2022,S8S109FZWVKV,STATE HIGHWAY 122,AUBURN ROAD,0,N,S22-13083,MONDAY,20:25,7.0,77.0,5556,42.5823945,-76.4930027
624,626,10/10/2022,S8S115FZSSWD,TRUMANSBURG ROAD,,0,N,S22-13085,MONDAY,20:59,61.0,77.0,5558,42.4914674,-76.5883927
625,627,10/10/2022,S8S110FZQR24,DRYDEN HARFORD ROAD,WEST LAKE ROAD,0,N,S22-13048,MONDAY,05:11,18.0,4.0,5552,42.4575747,-76.5488232
626,628,10/11/2022,S8S107FZWXBT,NORTH TRIPHAMMER ROAD,TRIPHAMMER MARKET PLACE DRIVE,2,N,S22-13138,TUESDAY,20:05,7.0,17.0,5523,42.47871,-76.48221
627,629,10/11/2022,S8S111FZV8CQ,SLATERVILLE ROAD,,0,N,S22-13098,TUESDAY,07:21,61.0,77.0,5550,42.3947362,-76.3769443
628,630,10/11/2022,S8S112FZWQ5G,EAST SHORE DRIVE,EASTLAKE ROAD,0,N,S22-13134,TUESDAY,18:58,61.0,77.0,5556,42.51475,-76.513657
629,631,10/11/2022,S8S116FZV61M,EAST SHORE DRIVE,,0,N,S22-13099,TUESDAY,07:25,61.0,77.0,5556,42.4977529,-76.5098078
630,632,10/11/2022,S8DEP3FZW3F0,TAUGHANNOCK BOULEVARD,,0,N,S22-13108,TUESDAY,08:30,61.0,77.0,5555,42.5385068,-76.5911337
631,633,10/11/2022,S8S113FZTM8R,TRUMANSBURG ROAD,,0,N,S22-13092,TUESDAY,02:55,61.0,77.0,5558,42.4914674,-76.5883927
632,634,10/11/2022,S8S116FZVBFN,WARREN ROAD,,0,N,S22-13103,TUESDAY,08:33,61.0,77.0,5556,42.4885848,-76.4675805
633,635,10/11/2022,S8S107FZWFHG,EAST SHORE DRIVE,,0,N,S22-13127,TUESDAY,16:35,7.0,4.0,5556,42.4977529,-76.5098078
634,636,10/12/2022,S8DEP1G0QGTB,STATE HIGHWAY 13,,1,N,S22-13170,WEDNESDAY,12:28,26.0,77.0,5555,42.4290176,-76.5078603
635,637,10/12/2022,S8S111FZZFSF,TAUGHANNOCK BOULEVARD,,0,N,S22-13160,WEDNESDAY,07:29,61.0,77.0,5555,42.5385068,-76.5911337
636,638,10/13/2022,S80K91G03SGZ,SLATERVILLE ROAD,,1,N,S22-13212,THURSDAY,16:08,27.0,77.0,5555,42.3947362,-76.3769443
637,639,10/13/2022,S8S115G046LZ,STATE HIGHWAY 227,,0,N,S22-13220,THURSDAY,19:06,61.0,77.0,5558,42.5188688,-76.6873564
638,640,10/13/2022,S8S111G03DZL,NEWFIELD DEPOT ROAD,,1,N,S22-13206,THURSDAY,13:31,66.0,77.0,5557,42.365027,-76.5696009
639,641,10/13/2022,S8S113G02NPZ,WEST DRYDEN ROAD,SHELDON ROAD,1,N,S22-13193,THURSDAY,07:54,7.0,77.0,5552,42.4637963,-76.4816764
640,642,10/14/2022,S8S119G05W13,UNNAMED STREET,,0,N,S22-13252,FRIDAY,07:48,42.0,77.0,5555,42.4575747,-76.5488232
641,643,10/14/2022,S8S118G07C8L,DANBY ROAD,,0,N,S22-13283,FRIDAY,18:18,61.0,77.0,5555,42.3587467,-76.4833869
642,644,10/14/2022,S8S115G077GR,STATE HIGHWAY 227,,0,N,S22-13279,FRIDAY,18:04,61.0,77.0,5558,42.5188688,-76.6873564
643,645,10/14/2022,S8S106G05FPZ,HILLCREST ROAD,,0,N,S22-13241,FRIDAY,04:37,99.0,99.0,5556,42.5126328,-76.4811713
644,646,10/15/2022,S8DEP2G0C6W3,SPRINGHOUSE ROAD,FREEVILLE ROAD,1,N,S22-13343,SATURDAY,20:59,6.0,17.0,5552,42.4993036,-76.3190581
645,647,10/15/2022,S8S116G09K89,RIDGE ROAD,,0,N,S22-13319,SATURDAY,11:44,9.0,77.0,5556,42.5735549,-76.5781092
646,648,10/15/2022,S8S112G0BH5C,ABBOTT ROAD,,0,N,S22-13335,SATURDAY,18:36,3.0,77.0,5552,42.4745362,-76.4276654
647,649,10/16/2022,S8S115G0FZHJ,WEST DANBY ROAD,,0,N,S22-13380,SUNDAY,19:28,61.0,77.0,5557,42.3406625,-76.5354786
648,650,10/16/2022,S8S119G0CXRP,MECKLENBURG ROAD,,1,N,S22-13360,MONDAY,05:23,4.0,77.0,5553,42.4516637,-76.608651
649,651,10/16/2022,S8DEP2G0DVWZ,STATE HIGHWAY 13,,1,N,S22-13170,SUNDAY,12:28,26.0,77.0,5555,42.4290176,-76.5078603
650,652,10/17/2022,S8DEP3G0KJSK,WEST DANBY ROAD,,0,N,S22-13424,MONDAY,22:08,2.0,4.0,5557,42.3406625,-76.5354786
651,653,10/17/2022,S8S116G0K786,1570 DANBY RD,,0,N,S22-13422,MONDAY,20:35,77.0,77.0,5551,42.37124559999999,-76.4885923
652,654,10/17/2022,S8S120G0HDGW,TRUMANSBURG ROAD,,0,N,S22-13394,MONDAY,07:00,61.0,77.0,5555,42.4914674,-76.5883927
653,655,10/17/2022,S8S107G0JXG4,PENNSYLVANIA AVE,,0,N,S22-13415,MONDAY,18:30,61.0,77.0,5555,42.4272293,-76.4872588
654,656,10/18/2022,S8S109G0N6CD,PERU SOUTH LANSING ROAD,,0,N,S22-13469,TUESDAY,19:26,61.0,77.0,5554,-9.189967,-75.015152
655,657,10/18/2022,S8S113G0KSB4,DANBY ROAD,,0,N,S22-13426,TUESDAY,00:59,20.0,77.0,5551,42.3587467,-76.4833869
656,658,10/19/2022,S81203G0RG34,HANSHAW ROAD,,0,N,S22-13520,WEDNESDAY,19:43,61.0,77.0,5552,42.4672637,-76.4599749
657,659,10/19/2022,S8S112G0PZM9,UNIVERSITY PARK,,0,N,S22-13489,WEDNESDAY,07:42,4.0,99.0,5523,42.4575747,-76.5488232
658,660,10/19/2022,S8S115G0R0FJ,FIVE MILE DRIVE,,0,N,S22-13513,WEDNESDAY,16:21,9.0,4.0,5555,42.4224419,-76.5291647
659,661,10/20/2022,S8S118G0VSVJ,WEST DANBY ROAD,VANBUSKIRK GULF ROAD,0,N,S22-13571,THURSDAY,20:55,61.0,77.0,5551,42.3289938,-76.5658321
660,662,10/20/2022,S8S119G0SNQS,SLATERVILLE ROAD,,0,N,S22-13539,THURSDAY,05:00,61.0,77.0,5550,42.3947362,-76.3769443
661,663,10/21/2022,S8S118G0ZTVR,TAUGHANNOCK BLVD,MAIN ENTRANCE ROAD,0,N,S22-13623,FRIDAY,19:17,61.0,77.0,5558,42.4575747,-76.5488232
662,664,10/22/2022,S8S113G11HD1,1312 AURBURN RD,,1,N,S22-13648,SATURDAY,07:16,19.0,77.0,5556,42.6202936,-76.4934715
663,665,10/22/2022,S8DEP3G138VH,HAYTS ROAD,,1,N,S22-13667,SATURDAY,15:58,2.0,27.0,5555,42.4665444,-76.5871689
664,666,10/22/2022,S80K91G13D19,PERRY CITY ROAD,,0,N,S22-13688,SATURDAY,22:11,61.0,77.0,5558,42.4950539,-76.6185
665,667,10/22/2022,S8S116G12HGP,SALEM DRIVE,,0,N,S22-13665,SATURDAY,14:00,3.0,99.0,5555,42.4722919,-76.456825
666,668,10/22/2022,S8S116G11LSR,PERRY CITY ROAD,DUBOIS ROAD,1,N,S22-13650,SATURDAY,08:45,7.0,77.0,5558,42.4965258,-76.556314
667,669,10/23/2022,S8DEP3G14KVZ,BOSTWICK ROAD,,0,N,S22-13714,SUNDAY,05:20,,,5553,42.4227499,-76.5793917
668,670,10/24/2022,S8S108G195W4,DRYDEN ROAD,,0,N,S22-13788,MONDAY,17:47,62.0,69.0,5552,42.4704369,-76.4034517
669,671,10/24/2022,S8S118G19G5H,RIDGE ROAD,,0,N,S22-13794,MONDAY,19:42,61.0,77.0,5556,42.5735549,-76.5781092
670,672,10/24/2022,S8S110G174WW,CAYUGA HEIGHTS ROAD,,1,N,S22-13754,MONDAY,01:08,19.0,66.0,5523,42.4766371,-76.4989472
671,673,10/24/2022,S8S112G17SQ3,RIDGE ROAD,,0,N,S22-13763,MONDAY,07:41,61.0,77.0,5556,42.5735549,-76.5781092
672,674,10/25/2022,S8S109G1C1KS,DANBY ROAD,,0,N,S22-13815,TUESDAY,07:09,61.0,77.0,5551,42.3587467,-76.4833869
673,675,10/25/2022,S8S116G1DZV4,FIVE MILE DRIVE,,0,N,S22-13848,TUESDAY,22:22,61.0,77.0,5555,42.4224419,-76.5291647
674,676,10/25/2022,S8S116G1DB4B,ELMIRA ROAD,FIVE MILE DRIVE,0,N,S22-13839,TUESDAY,17:03,4.0,9.0,5555,42.4224419,-76.5291647
675,677,10/25/2022,S8S112G1C8ZM,STATE HIGHWAY 13,,0,N,S22-13823,TUESDAY,09:44,4.0,77.0,5523,42.4290176,-76.5078603
676,678,10/25/2022,S8S109G1DLBF,UPTOWN ROAD,,0,N,S22-13842,TUESDAY,17:30,3.0,77.0,5555,42.4797935,-76.4727817
677,679,10/26/2022,S8S107G1J29P,MAIN STREET,,0,N,S22-13902,WEDNESDAY,21:31,61.0,77.0,5552,42.4962636,-76.3709838
678,680,10/26/2022,S8S111G1GBRD,TAUGHANNOCK BOULEVARD,,0,N,S22-13863,WEDNESDAY,07:26,61.0,77.0,5558,42.5385068,-76.5911337
679,681,10/27/2022,S8S113G1LFC5,PARKING LOT,,0,,S22-13937,THURSDAY,14:58,,,5523,42.4575747,-76.5488232
680,682,10/27/2022,S8S115G1LP33,STATE HIGHWAY 13,,1,N,S22-13945,THURSDAY,17:02,9.0,4.0,5552,42.4290176,-76.5078603
681,683,10/27/2022,S8S111G1KKV6,COLEGROVE ROAD,,0,N,S22-13920,THURSDAY,08:31,4.0,77.0,5558,42.5066188,-76.5923686
682,684,10/27/2022,S8S118G1LR4Z,ELMIRA ROAD,MAIN STREET,0,N,S22-13946,THURSDAY,17:26,61.0,77.0,5557,42.4962636,-76.3709838
683,685,10/27/2022,S8S113G1L6LZ,STATE HIGHWAY 13,WARREN ROAD,0,N,S22-13932,THURSDAY,13:24,9.0,4.0,5523,42.4885848,-76.4675805
684,686,10/27/2022,S8S115G1MCT8,DRYDEN ROAD,,0,N,S22-13960,THURSDAY,22:20,61.0,77.0,5552,42.4704369,-76.4034517
685,687,10/27/2022,S8S106G1K70M,SLATERVILLE ROAD,,0,N,S22-13918,THURSDAY,05:53,61.0,77.0,5552,42.3947362,-76.3769443
686,688,10/29/2022,S8S110G1QT8F,MIDLINE ROAD,,0,N,S22-14003,SATURDAY,00:01,61.0,77.0,5550,42.4213104,-76.3411547
687,689,10/29/2022,S8S112G1TG1W,RIDGE ROAD,,0,N,S22-14035,SATURDAY,19:36,61.0,77.0,5556,42.5735549,-76.5781092
688,690,10/29/2022,S8S115G1R2VK,DRYDEN ROAD,,1,N,S22-14012,SATURDAY,01:58,61.0,77.0,5556,42.4704369,-76.4034517
689,691,10/30/2022,S8S112G1XJV2,RIDGE ROAD,,0,N,S22-14101,SUNDAY,18:54,61.0,77.0,5556,42.5735549,-76.5781092
690,692,10/30/2022,S8S109G1X2XK,CHIPMAN CORNERS ROAD,,0,N,S22-14091,SUNDAY,15:15,22.0,19.0,5554,42.6164809,-76.3705865
691,693,10/30/2022,S8S112G1XMZ8,MAIN STREET,FALL CREEK ROAD,0,N,S22-14105,SUNDAY,19:27,7.0,99.0,5521,42.5286482,-76.3187472
692,694,10/30/2022,S8S115G1X6H8,HALSEYVILLE ROAD,HALSEYVILLE ROAD,2,N,S22-14092,SUNDAY,16:17,7.0,4.0,5558,42.4893081,-76.6335186
693,695,10/30/2022,S8S115G1XJXK,MECKLENBURG ROAD,,0,N,S22-14100,SUNDAY,18:52,61.0,77.0,5555,42.4516637,-76.608651
694,696,10/31/2022,S8S108G21NHN,STATE HIGHWAY 96,RABBIT RUN ROAD,1,N,S22-14158,MONDAY,17:59,4.0,9.0,5558,42.531821,-76.6483219
695,697,11/01/2022,S8S118G251GQ,STATE HIGHWAY 96,RABBIT RUN ROAD,0,N,S22-14248,TUESDAY,19:13,61.0,77.0,5558,42.531821,-76.6483219
696,698,11/01/2022,S8S109G24TRK,FENNER ROAD,,0,N,S22-14243,TUESDAY,17:47,28.0,77.0,5556,42.6083587,-76.583622
