,Count Location,FROM,TO,AADT,lat,long,slat,slong,flat,flong
0,Albany St,Traffic Circle,Titus Ave S,"3,239",42.439071150000004,-76.50166885,42.4439614,-76.5018807,42.4341809,-76.501457
1,Albany St,Titus Ave S,Titus Ave N,"1,864",42.4341809,-76.501457,42.4341809,-76.501457,42.4341809,-76.501457
2,Asbury Rd,Rt 34,Warren Rd,"1,434",42.52490565,-76.4864382,42.525045,-76.500204,42.5247663,-76.4726724
3,Aurora St,Lincoln St,Falls St,247,42.452453000000006,-76.49660245,42.452093,-76.4965809,42.45281300000001,-76.496624
4,Aurora St,Marshall St,Lincoln St,"1,371",42.449139,-76.49628045,42.44618500000001,-76.49598,42.452093,-76.4965809
5,Aurora St,Seneca St,Court St,"4,079",42.441588100000004,-76.49574165,42.4405012,-76.49569129999999,42.442675,-76.49579200000001
6,Aurora St,Prospect St,State St,"6,746",42.4386311,-76.49521134999999,42.4376152,-76.49479029999999,42.439647,-76.49563239999999
7,Aurora St,Court St,Marshall St,"1,800",42.444430000000004,-76.49588600000001,42.442675,-76.49579200000001,42.44618500000001,-76.49598
8,Bald Hill Rd,Comfort Rd,Rt 96B,139,42.33939015,-76.48937649999999,42.3263008,-76.4979506,42.3524795,-76.4808024
9,Benson Rd,Rt 34B,Asbury Rd,338,42.531925449999996,-76.47326989999999,42.5391917,-76.4712818,42.52465919999999,-76.475258
10,Bill George Rd,Lansing Station Rd,End,1,42.5087017,-76.55280884999999,42.573442,-76.603737,42.4439614,-76.5018807
11,Bostwick Rd,Enfield T/L,Rt 13A,"2,606",42.43320165,-76.51552269999999,42.4439614,-76.5018807,42.4224419,-76.5291647
12,Brickyard Rd,Rt 34B,Ludlowville Rd,874,42.54642405,-76.53126864999999,42.5434071,-76.52496839999999,42.549441,-76.5375689
13,Bridge St,Main St,Bank St,191,42.4439614,-76.5018807,42.4439614,-76.5018807,42.4439614,-76.5018807
14,Brook Rd,Rt 227,Waterburg Rd,60,42.46504605,-76.58766965000001,42.4439614,-76.5018807,42.4861307,-76.6734586
15,Brooktondale Rd,Valley Rd,Rt 79,"2,019",42.3955804,-76.41595584999999,42.3885693,-76.408205,42.4025915,-76.4237067
16,Brown Rd,Newfield T/L,Coltsfoot Ln,69,42.4439614,-76.5018807,42.4439614,-76.5018807,42.4439614,-76.5018807
17,Brown Rd,Rt 96,Danby T/L,131,42.394070150000005,-76.5278155,42.4412333,-76.514862,42.346907,-76.540769
18,Buck Rd,Brickyard Rd,Conlon Rd,278,42.549626950000004,-76.5203845,42.5438649,-76.525206,42.555389,-76.515563
19,Buffalo Rd,Central Chapel Rd,Rt 79,613,42.3813887,-76.34922639999999,42.3689288,-76.3533861,42.39384860000001,-76.34506669999999
20,Buffalo St,Meadow St,Plain St,"5,400",42.441102349999994,-76.5062207,42.4410427,-76.5084255,42.441162,-76.5040159
21,Buffalo St,Albany St,Cayuga St,"2,989",42.44127195,-76.50045850000001,42.441232,-76.501811,42.4413119,-76.499106
22,Buffalo St,Aurora St,Seneca St,"3,209",42.4409896,-76.49444055000001,42.441406,-76.4957309,42.4405732,-76.4931502
23,Buffalo St,Cayuga St N,Aurora St,"4,367",42.44135895,-76.49741845,42.4413119,-76.499106,42.441406,-76.4957309
24,Burns Rd,Coddington Rd,Rt 79,"2,389",42.408989049999995,-76.45606595,42.40339789999999,-76.463574,42.4145802,-76.4485579
25,Buttermilk Falls Pk Rd,Buttermilk Falls Rd E,End,56,42.41185965,-76.51784225,42.4177012,-76.5234175,42.4060181,-76.512267
26,Caldwell Rd,Rt 366,Forest Home Dr,"3,347",42.445723,-76.47756905,42.440864,-76.4780901,42.450582,-76.477048
27,Cascadilla St,Fulton St,Cayuga St,"2,745",42.44444635,-76.50463275,42.4442958,-76.5099965,42.4445969,-76.499269
28,Cayuga Hgts Rd,Ithaca C/L,Cayuga Hgts V/L,"1,339",42.45808605,-76.4989841,42.439535,-76.499021,42.4766371,-76.4989472
29,Cayuga Hgts Rd,Cedar Ln,Oakcrest Rd,"1,068",42.48418875,-76.5031896,42.4809136,-76.5019528,42.4874639,-76.5044264
30,Cayuga Hgts Rd,Oakcrest Rd,Rt 34,674,42.49217035,-76.5072555,42.4874639,-76.5044264,42.4968768,-76.5100846
31,Cayuga Hgts Rd,Cayuga Hgts V/L,Cedar Ln,"1,728",42.47877535,-76.50045,42.4766371,-76.4989472,42.4809136,-76.5019528
32,Cayuga St,Green St,State St,"4,839",42.43907999999999,-76.49900034999999,42.43862499999999,-76.49897969999999,42.439535,-76.499021
33,Cayuga St,Spencer Rd,Green St,"7,922",42.43662124999999,-76.49892295000001,42.43461749999999,-76.49886620000001,42.43862499999999,-76.49897969999999
34,Cayuga St,Cascadilla St,Farm St,"4,553",42.44476795,-76.49927045,42.4445969,-76.499269,42.444939,-76.4992719
35,Cayuga St,Woodland Pl,Ithaca C/L,"2,119",42.446861999999996,-76.499449,42.454189,-76.499877,42.439535,-76.499021
36,Cayuga St N,Farm St,Jay St,"6,153",42.44782845,-76.49836694999999,42.445004,-76.4970879,42.4506529,-76.499646
37,Cemetery Ln,Salt Rd,Stevens Rd,119,42.4439614,-76.5018807,42.4439614,-76.5018807,42.4439614,-76.5018807
38,Cemetery St,Trumansburg V/L,Lake St,594,42.49466845,-76.5710334,42.5364244,-76.6473965,42.4529125,-76.4946703
39,Central Chapel Rd,Creamery Rd,Boiceville Rd,"1,031",42.3828166,-76.3578288,42.37983270000001,-76.355524,42.38580049999999,-76.3601336
40,Central Chapel Rd,Burns Rd,Creamery Rd,"1,272",42.379567800000004,-76.3553692,42.3793029,-76.3552144,42.37983270000001,-76.355524
41,Central Chapel Rd,Bailor Rd,Burns Rd,"1,073",42.375691950000004,-76.35421944999999,42.372081,-76.3532245,42.3793029,-76.3552144
42,Central Chapel Rd,Grove School Rd,Bailor Rd,"1,166",42.37122325,-76.35325245,42.3703655,-76.3532804,42.372081,-76.3532245
43,Chaffee Creek Rd,Bull Hill Rd,Van Kirk Rd,2,42.3148765,-76.62735465,42.318224,-76.652575,42.311529,-76.6021343
44,Cobb Rd,Rt 34B,Groton T/L,155,42.52409085,-76.47342115000001,42.4439614,-76.5018807,42.6042203,-76.4449616
45,Count Location,FROM,TO,AADT,42.4439614,-76.5018807,42.4439614,-76.5018807,42.4439614,-76.5018807
46,Cobb St,Sovocool Hill Rd,Talmadge Rd,626,42.593234100000004,-76.44455965,42.5749627,-76.4437306,42.6115055,-76.4453887
47,Cobb St,Drdyen T/L,Pleasant Valley Rd,342,42.50237385,-76.4725578,42.4439614,-76.5018807,42.5607863,-76.4432349
48,Cobb St,Pleasant Valley Rd,Sovocol Hill Rd,595,42.5678745,-76.44348274999999,42.5607863,-76.4432349,42.5749627,-76.4437306
49,Coddington Rd,King Rd,Ithaca C/L,"1,287",42.41196645,-76.4806452,42.40401,-76.464356,42.4199229,-76.4969344
50,Coddington Rd,Ithaca T/L,King Rd E,"1,414",42.38407905,-76.43963919999999,42.3641481,-76.4149224,42.40401,-76.464356
51,Coddington Rd,Caroline T/L,Ithaca T/L,"1,414",42.391949249999996,-76.4559701,42.4197504,-76.4970178,42.3641481,-76.4149224
52,College Ave,Oak Ave,Campus Rd,"3,114",42.443896699999996,-76.48238525,42.442547,-76.48537,42.4452464,-76.4794005
53,Columbia St,Hudson St,Giles St,"2,878",42.4363179,-76.4911677,42.435876,-76.4923139,42.4367598,-76.4900215
54,Comfort Rd,Jersey Hill Rd,Rt 96B,646,42.386612650000004,-76.503256,42.3787529,-76.508836,42.3944724,-76.497676
55,Connecticut Hill Rd,Rt 13,Alpine Rd,27,42.325417949999995,-76.67221425,42.317199,-76.6648226,42.33363689999999,-76.6796059
56,Cornell St,State St,Dryden Rd,"1,619",42.43694195,-76.4779953,42.432725,-76.4783099,42.4411589,-76.4776807
57,Court St,Meadow St,Plain St,"1,497",42.442387450000005,-76.50628615,42.44232600000001,-76.50849029999999,42.4424489,-76.504082
58,Court St,Albany St,Aurora St,"1,156",42.44259445,-76.498834,42.4425139,-76.501876,42.442675,-76.49579200000001
59,Court St,Aurora St,Linn St,"1,361",42.442694,-76.495206,42.442675,-76.49579200000001,42.442713,-76.49462
60,Creamery Rd,Central Chapel Rd,Rt 79,242,42.38687180000001,-76.35306445,42.37983270000001,-76.355524,42.39391090000001,-76.3506049
61,Culligan Dr,Brown Rd,Brown Rd,191,42.4873907,-76.4640916,42.4873907,-76.4640916,42.4873907,-76.4640916
62,Dey St,Auburn St,Rt 13,"1,422",42.45007394999999,-76.50209735,42.448544,-76.500777,42.45160389999999,-76.5034177
63,Dodge Rd,Ellis Hollow Rd,Stevenson Rd,75,42.435753500000004,-76.4251708,42.427384,-76.4116156,42.444123,-76.438726
64,Dryden Rd,College Ave,Maple Ave,"3,215",42.441386449999996,-76.4814653,42.441614,-76.4852499,42.4411589,-76.4776807
65,Dryden Rd,Eddy St,College Ave,"2,809",42.441873949999994,-76.4863699,42.44213389999999,-76.4874899,42.441614,-76.4852499
66,Dug Rd,Mill St,End,62,42.4439614,-76.5018807,42.4439614,-76.5018807,42.4439614,-76.5018807
67,East Shore Dr,Cayuga St,Rt 13,"7,821",42.46248715,-76.4982166,42.462362,-76.498148,42.4626123,-76.4982852
68,East Shore Dr,Ithaca C/L,Cayuga St N,"4,016",42.44114245,-76.4975412,42.4199229,-76.4969344,42.462362,-76.498148
69,Eddy St,State St,Williams St,"2,154",42.440190099999995,-76.48746754999999,42.4380472,-76.4874371,42.442333,-76.487498
70,Ellis Hollow Rd,Rt 79,Caroline T/L,"1,318",42.406696999999994,-76.43212985,42.3936436,-76.3672419,42.4197504,-76.4970178
71,Ellis Hollow Rd,Caroline T/L,Ringwood Rd,"1,673",42.4260501,-76.44194554999999,42.4197504,-76.4970178,42.4323498,-76.38687329999999
72,Ellis Hollow Rd,Thomas Rd,Ellis Hollow Crk Rd,"1,546",42.42556315,-76.38571385,42.4258215,-76.3899457,42.4253048,-76.38148199999999
73,Ellis Hollow Rd,Ithaca T/L,Thomas Rd,"2,433",42.42660275,-76.40078065,42.427384,-76.4116156,42.4258215,-76.3899457
74,Elm St,Haller Blvd,Chestnut St,"1,692",42.437130499999995,-76.52271045,42.436242,-76.5260349,42.438019,-76.519386
75,Elm St Ext,Champlin Rd,Lafayette Rd,148,42.58596789999999,-76.29389065000001,42.58591699999999,-76.2986913,42.5860188,-76.28909
76,Elmira Rd,Plain St,Traffic Circle,"11,756",42.43730825,-76.50268825,42.4306551,-76.5034958,42.4439614,-76.5018807
77,Elmira Rd,Meadow St,Plain St,"12,822",42.42952475,-76.5057927,42.42839439999999,-76.50808959999999,42.4306551,-76.5034958
78,Enfield Center Rd,Enfield Main Rd,Shudaben Rd,306,42.4359915,-76.6281554,42.43589,-76.6313469,42.436093,-76.6249639
79,Etna Ln,Rt 366,Rt 13,221,42.4826379,-76.38005079999999,42.4851816,-76.3837998,42.4800942,-76.3763018
80,Etna Rd,Hanshaw Rd,Upper Creek Rd,"1,285",42.487306450000005,-76.4081132,42.4865579,-76.431372,42.488055,-76.3848544
81,Fall Creek Rd,Cady Ln,North Rd,"4,360",42.48700335,-76.406117,42.5212226,-76.3254658,42.4527841,-76.4867682
82,Fall Creek Rd,Freeville V/L,Cady Ln,"3,559",42.5175917,-76.33603360000001,42.5139608,-76.3466014,42.5212226,-76.3254658
83,Farrell Rd,Warren Rd,Dryden T/L,"1,294",42.51519695,-76.46216045,42.5145916,-76.4721544,42.5158023,-76.45216649999999
84,Ferguson Rd,South St,Dryden V/L,"1,394",42.43792985,-76.49559285000001,42.4337896,-76.506671,42.4420701,-76.4845147
85,Forest Home Dr,Thurston Ave,Ithaca C/L,"1,466",42.435607450000006,-76.48951075,42.451292,-76.4820871,42.4199229,-76.4969344
86,Forest Home Dr,Rt 366,Ithaca T/L,691,42.452780950000005,-76.45418215000001,42.4531015,-76.4445006,42.4524604,-76.4638637
87,Forest Home Dr,Ithaca C/L,Warren Rd,"2,771",42.43596545,-76.48266720000001,42.4199229,-76.4969344,42.452008,-76.4684
88,Forest Home Dr,Warren Rd,Caldwell Rd,"3,672",42.45146544999999,-76.46716395,42.452008,-76.4684,42.45092289999999,-76.4659279
89,Freese Rd,Hanshaw Rd,Rt 366,"2,129",42.4618099,-76.44234614999999,42.467729,-76.44841,42.4558908,-76.4362823
90,Game Farm Rd,Ithaca T/L,King Rd E,"1,804",42.419957600000004,-76.51178475,42.4439614,-76.5018807,42.3959538,-76.5216888
91,Count Location,FROM,TO,AADT,42.4439614,-76.5018807,42.4439614,-76.5018807,42.4439614,-76.5018807
92,Game Farm Rd,Ellis Hollow Rd,Stephenson Rd,"1,456",42.363065000000006,-76.46104985,42.4331339,-76.4483949,42.2929961,-76.4737048
93,Gardner Parkway,Stewart Park Rd,James L Gibbs Rd,"2,274",42.4622186,-76.50082455,42.462142,-76.501204,42.4622952,-76.5004451
94,Genung Rd,Ellis Hollow Rd,Ellis Hollow Cir,313,42.42811,-76.4151806,42.42811,-76.4151806,42.42811,-76.4151806
95,George Rd,Rt 38,Rt 13,"1,433",42.4439614,-76.5018807,42.4439614,-76.5018807,42.4439614,-76.5018807
96,Giles St,Water St,State St,"2,594",42.43296895,-76.48122645000001,42.4332129,-76.484143,42.432725,-76.4783099
97,Giles St,Hudson St,Columbia St,423,42.43737135,-76.49153625,42.4379829,-76.493051,42.4367598,-76.4900215
98,Glenwood Rd,Rt 89,Rt 89,58,42.453904,-76.5173949,42.453904,-76.5173949,42.453904,-76.5173949
99,Groton City Rd,Hinman Rd,Champlin Rd,171,42.61616335,-76.2902448,42.6150271,-76.2852648,42.6172996,-76.2952248
100,Hancock St,Meadow St N,Auburn St,"1,689",42.4467676,-76.50469595,42.4452022,-76.5086369,42.448333,-76.500755
101,Hanshaw Rd,Rt 13,Etna Rd,"1,635",42.482114100000004,-76.4312966,42.4776703,-76.4312212,42.4865579,-76.431372
102,Hanshaw Rd,Warren Rd,Rt 13,"1,850",42.4723939,-76.4486241,42.4671175,-76.46602700000001,42.4776703,-76.4312212
103,Hanshaw Rd,Cayuga Hgts V/L,Warren Rd,"4,693",42.46366995000001,-76.47899000000001,42.46022240000001,-76.491953,42.4671175,-76.46602700000001
104,Hanshaw Rd,N Triphammer Rd,Cayuga Hgts V/L,"9,196",42.465149800000006,-76.48613415,42.4700772,-76.4803153,42.46022240000001,-76.491953
105,Hanshaw Rd,Cayuga Hgts Rd,N Triphammer Rd,934,42.465149800000006,-76.48613415,42.46022240000001,-76.491953,42.4700772,-76.4803153
106,Harford Rd,Rt 79,County Line,622,42.417924049999996,-76.4204813,42.3918867,-76.3390819,42.4439614,-76.5018807
107,Herman Rd,Rt 38,Fall Creek Rd,689,42.4809177,-76.41873375,42.4439614,-76.5018807,42.517874,-76.3355868
108,Hillview Rd,Rt 34 96,Michigan Hollow Rd,208,42.287692,-76.505942,42.292795,-76.519572,42.282589,-76.492312
109,Hines Rd,Trumbulls Cor Rd,Rt 327,148,42.345836250000005,-76.54752915,42.2929961,-76.4737048,42.3986764,-76.6213535
110,Hoy Rd,Campus Rd,Dryden Rd,"2,914",42.44423975,-76.4789015,42.4452226,-76.481579,42.4432569,-76.476224
111,Hudson St,Coddington Rd,Prospect St,"5,584",42.43340595000001,-76.4919835,42.429141,-76.491192,42.43767090000001,-76.492775
112,Hudson St,Prospect St,Aurora St,"2,145",42.43803940000001,-76.493867,42.43767090000001,-76.492775,42.4384079,-76.494959
113,Jacksonville Rd,Rt 96,Taughaanock Park Rd,760,42.5219079,-76.6141215,42.5083448,-76.614679,42.535471,-76.613564
114,Jersey Hill Rd,Town Line Rd,King Rd W,424,42.38063495,-76.52678900000001,42.3824199,-76.536439,42.37885,-76.517139
115,Jersey Hill Rd,Comfort Rd,Gunderman Rd,220,42.368779450000005,-76.515607,42.3787529,-76.508836,42.358806,-76.522378
116,Johnson St,Main St,Freeville V/L,625,42.4789611,-76.42424105,42.4439614,-76.5018807,42.5139608,-76.3466014
117,Judd Falls Rd,Dryden Rd,Tower Rd,"4,725",42.44567365,-76.46928109999999,42.4438102,-76.4686882,42.4475371,-76.46987399999999
118,Judd Falls Rd,Tower Rd,Forest Home Dr,"4,229",42.450233499999996,-76.47075899999999,42.4475371,-76.46987399999999,42.4529299,-76.471644
119,King Rd E,Rt 96B,Coddington Rd,"2,532",42.42501005,-76.49255105,42.4263762,-76.4993603,42.4236439,-76.4857418
120,King Rd W,Stone Quarry Rd,Rt 96B,"3,993",42.4246706,-76.50449615,42.422965,-76.509632,42.4263762,-76.4993603
121,King Rd W,Danby T/L,Buttermilk Falls Rd,"1,046",42.41301925,-76.5136479,42.4079584,-76.50312509999999,42.4180801,-76.5241707
122,Kraft Rd,Dubois Rd,Rt 89,200,42.52280435,-76.57425075,42.519309,-76.577879,42.5262997,-76.5706225
123,Ladoga Park Rd,Myers Rd,End,97,42.4897392,-76.52740825000001,42.5365679,-76.5402249,42.4429105,-76.5145916
124,Ladoga Park West,Myers Rd,Ladoga Park East,32,42.53629994999999,-76.54088445,42.53695889999999,-76.541949,42.535641,-76.5398199
125,Lafayette Rd,Cemetery Rd,Rt 222,284,42.44344285,-76.3803988,42.2929961,-76.4737048,42.5938896,-76.2870928
126,Lake St,University Ave,Falls St,"3,090",42.451292699999996,-76.4933833,42.4496974,-76.4920966,42.452888,-76.49467
127,Lake St,Falls St,Ithaca C/L,"3,324",42.43640545,-76.4958022,42.452888,-76.49467,42.4199229,-76.4969344
128,Lake St,Rt 96,Trumansburg V/L,542,42.45357065,-76.50845645000001,42.449698,-76.4920977,42.4574433,-76.5248152
129,Lansingville Rd,Rt 34B,County Line,963,42.57364105,-76.55089240000001,42.5567716,-76.5480809,42.5905105,-76.5537039
130,Lewis St,West Main St,Freeville Rd,622,42.4789611,-76.42424105,42.4439614,-76.5018807,42.5139608,-76.3466014
131,Lincoln St,Cayuga St,Lake St,"2,127",42.452069550000004,-76.49717285,42.45198,-76.49972900000002,42.4521591,-76.4946167
132,Linn St,Court St E,End,324,42.445037,-76.49471750000001,42.442713,-76.49462,42.447361,-76.494815
133,Locke Rd,Rt 34,Breed Rd,"1,475",42.61177105,-76.48758959999999,42.6113918,-76.49726369999999,42.6121503,-76.4779155
134,Lockerby Hill Rd,Lansingville Rd,Salmon Creek Rd,316,42.593738,-76.543757,42.594823,-76.553963,42.592653,-76.533551
135,Lounsberry Rd,Valley Rd,Rt 79,824,42.38800239999999,-76.38165685,42.3816184,-76.388094,42.39438639999999,-76.3752197
136,Lounsbery Rd,White Church Rd,Brooktondale Rd,"1,104",42.381867400000004,-76.3880095,42.3816184,-76.388094,42.3821164,-76.387925
137,Count Location,FROM,TO,AADT,42.4439614,-76.5018807,42.4439614,-76.5018807,42.4439614,-76.5018807
138,Lower Creek Rd,Hanshaw Rd,Etna Ln,412,42.47874845,-76.4078356,42.4720374,-76.430492,42.4854595,-76.3851792
139,Madison St,Willow Ave,Second St,412,42.44806065,-76.50344279999999,42.4501684,-76.5035497,42.4459529,-76.5033359
140,Main St - Newfield,Shaffer Rd,Rt 13,"2,114",42.3606672,-76.593516,42.3606672,-76.593516,42.3606672,-76.593516
141,Main St - Newfield,Rt 13,Shaffer Rd,"1,685",42.3606672,-76.593516,42.3606672,-76.593516,42.3606672,-76.593516
142,Maple Ave,Dryden Rd,Ithaca C/L,"2,574",42.4411589,-76.4776807,42.4411589,-76.4776807,42.4411589,-76.4776807
143,Maple Ave,Ithaca C/L,Pine Tree Rd,"1,811",42.4406187,-76.47200385,42.4411589,-76.4776807,42.4400785,-76.46632699999999
144,McLean-Cortland Rd,Gulf Hill Rd,County Line,"5,953",42.48951845,-76.38506575,42.5350755,-76.26825079999999,42.4439614,-76.5018807
145,Middaugh Rd,Coddington Rd,Brooktondale Rd,825,42.3813974,-76.41450019999999,42.3727244,-76.4150714,42.3900704,-76.413929
146,Mill Rd,Old 76 Rd,County Line,465,42.4439614,-76.5018807,42.4439614,-76.5018807,42.4439614,-76.5018807
147,Mill St,Freeville V/L,West Dryden Rd,366,42.516245999999995,-76.3546559,42.5139608,-76.3466014,42.5185312,-76.3627104
148,Mill St,Ferguson Rd,West Main St,397,42.4439614,-76.5018807,42.4439614,-76.5018807,42.4439614,-76.5018807
149,Milliken Station Rd,Miliken Station Rd Ext,Cayuga Dr,62,42.606275600000004,-76.61958135,42.6068146,-76.6182528,42.6057366,-76.6209099
150,Mitchell St,Ithaca Rd,Ithaca C/L,"3,348",42.4375651,-76.4817229,42.4375651,-76.4817229,42.4375651,-76.4817229
151,Mitchell St,Ithaca C/L,Pine Tree Rd,"3,290",42.43692515,-76.47312224999999,42.4375651,-76.4817229,42.4362852,-76.4645216
152,Morrell Rd,Cayuta Rd,End,17,42.36587715,-76.59604615,42.2877929,-76.6902116,42.4439614,-76.5018807
153,N Triphammer Rd,Rt 34B,Rt 34,"5,257",42.539309149999994,-76.49286115,42.5384399,-76.4926385,42.54017839999999,-76.4930838
154,N Triphammer Rd,Waterwagon Rd,Rt 34B,"6,607",42.5272864,-76.49196045000001,42.5161329,-76.49128240000002,42.5384399,-76.4926385
155,N Triphammer Rd,Lansing V/L,Waterwagon Rd,"6,366",42.510805149999996,-76.49105020000002,42.5054774,-76.490818,42.5161329,-76.49128240000002
156,Newfield Depot Rd,Main St,Adams Rd,512,42.40456915,-76.53437485,42.4439614,-76.5018807,42.3651769,-76.566869
157,North Rd,Rt 13,Fall Creek Rd,"1,302",42.44758025,-76.49874175,42.4423764,-76.5107153,42.4527841,-76.4867682
158,Old 76 Rd,County Line,Mill Rd,374,42.36847875,-76.48779275,42.4439614,-76.5018807,42.2929961,-76.4737048
159,Old 76 Rd,Mill St,Smith Rd,451,42.4439614,-76.5018807,42.4439614,-76.5018807,42.4439614,-76.5018807
160,Old Peruville Rd,Sobers Rd,Pleasant Valley Rd,246,42.5495904,-76.3712878,42.5479374,-76.37124969999999,42.5512434,-76.3713259
161,Old Peruville Rd,Pleasant Valley Rd,Peruville Rd,452,42.54980319999999,-76.36399420000001,42.5512434,-76.3713259,42.54836299999999,-76.3566625
162,Old Stage Rd,Champlin Rd,Groton City Rd,531,42.60329329999999,-76.28880525,42.60273129999999,-76.2946853,42.6038553,-76.2829252
163,Old Stage Rd,Rt 38,Salt Rd,698,42.6032235,-76.35007569999999,42.6065751,-76.3757337,42.5998719,-76.3244177
164,Park Rd,Cliff St,End,322,42.4452652,-76.5156765,42.4476199,-76.5167614,42.4429105,-76.5145916
165,Park Rd,Enfield Falls Rd,Woodward Rd,204,42.3503851,-76.5363517,42.4077741,-76.5989986,42.2929961,-76.4737048
166,Perry City Rd,Halseyville Rd,Rt 96,"1,707",42.49518395,-76.6149397,42.4945789,-76.633844,42.49578899999999,-76.59603539999999
167,Peruville Rd,Rt 38,Fall Creek Rd,"3,118",42.5489356,-76.32774065000001,42.5482062,-76.3616439,42.549665,-76.2938374
168,Pinckney Rd,Rt 13,Etna Rd,927,42.47871685,-76.4069277,42.4702146,-76.4042387,42.4872191,-76.4096167
169,Pine Tree Rd,Rt 79,Ellis Hollow Rd,"7,264",42.42932755,-76.46304465,42.4223699,-76.4615677,42.4362852,-76.4645216
170,Pine Tree Rd,Ellis Hollow Rd,Rt 366,"6,684",42.4399754,-76.4674548,42.4362852,-76.4645216,42.4436656,-76.470388
171,Plain St,Elmira Rd,Titus Ave N,"1,518",42.43225255,-76.5035709,42.4306551,-76.5034958,42.43385,-76.503646
172,Plain St,Buffalo St,Court St,"2,366",42.441805450000004,-76.50404895,42.441162,-76.5040159,42.4424489,-76.504082
173,Plain St N,Buffalo St W,Seneca St W,"1,829",42.4407063,-76.50399525,42.441162,-76.5040159,42.4402506,-76.50397459999999
174,Plain St S,Green St,Buffalo St,"1,866",42.43981865,-76.50394854999999,42.4384753,-76.5038812,42.441162,-76.5040159
175,Plain St S,Titus Ave N,Green St,"1,382",42.43616265,-76.5037636,42.43385,-76.503646,42.4384753,-76.5038812
176,Pleasant Grove Rd,Forest Home Dr,Cayuga Hgts V/L,"6,410",42.4564319,-76.4783432,42.4533467,-76.4700797,42.4595171,-76.4866067
177,Pleseant Grove Rd,Hanshaw Rd,Cayuga Hgts V/L,"4,582",42.4640895,-76.4823972,42.4686619,-76.47818769999999,42.4595171,-76.4866067
178,Podunk Rd,Perry City Rd,Waterburg Rd,584,42.508314150000004,-76.6577885,42.4939113,-76.6529401,42.522717,-76.6626369
179,Portland Point Rd,Cement Plant Gate,Rt 34B,656,42.5357562,-76.5233673,42.5303959,-76.5281349,42.5411165,-76.51859970000001
180,Red Mill Rd,Malloryville Rd,Fall Creek Rd,77,42.532707900000005,-76.32192645,42.537849,-76.32265,42.5275668,-76.3212029
181,Ringwood Rd,Ellis Hollow Creek Rd,Midline Rd,363,42.442831250000005,-76.37328495,42.4323498,-76.38687329999999,42.45331270000001,-76.35969659999999
182,Ringwood Rd,Pleasant Hollow Rd,Rt 13,686,42.472159250000004,-76.35432004999998,42.4592485,-76.35378089999999,42.48507,-76.35485919999999
183,Count Location,FROM,TO,AADT,42.4439614,-76.5018807,42.4439614,-76.5018807,42.4439614,-76.5018807
184,Ringwood Rd,Midline Rd,Pleasant Hollow Rd,446,42.45628060000001,-76.35673874999999,42.45331270000001,-76.35969659999999,42.4592485,-76.35378089999999
185,Rt 13,Hanshaw Rd,Start 13 366 OLAP,"14,369",42.47319695,-76.42020919999999,42.4776703,-76.4312212,42.4687236,-76.4091972
186,Rt 13,End 13 366 OLAP,Triphammer Rd,"19,041",42.45674004999999,-76.49094745,42.4589539,-76.50040899999999,42.4545262,-76.4814859
187,Rt 13,Triphammer Rd,Warren Rd,"14,728",42.46835299999999,-76.4744063,42.4545262,-76.4814859,42.4821798,-76.4673267
188,Rt 13 - Cortland Rd,End 13 38 OLAP,County Line,"9,994",42.4439614,-76.5018807,42.4439614,-76.5018807,42.4439614,-76.5018807
189,Rt 13 - Dryden Rd,Start 13 366 OLAP,End 13 366 OLAP,"14,651",42.45485294999999,-76.44403795,42.4687236,-76.4091972,42.44098229999999,-76.4788787
190,Rt 13 - Dryden Rd,End 13 34 OLAP,Start 13 38 OLAP,"9,717",42.44247184999999,-76.4903797,42.44098229999999,-76.4788787,42.4439614,-76.5018807
191,Rt 13 - Elmira Rd,Ithaca C/L,Rt 96B,"20,591",42.425708150000006,-76.49943705,42.4199229,-76.4969344,42.4314934,-76.5019397
192,Rt 13 - Elmira Rd,Rt 13A,Ithaca C/L,"17,013",42.4172255,-76.51419775,42.4145281,-76.5314611,42.4199229,-76.4969344
193,Rt 13 - Elmira Rd,Rt 327,Rt 13A,"18,318",42.420094,-76.52160255,42.4256599,-76.511744,42.4145281,-76.5314611
194,Rt 13 - Elmira Rd,Start 13 34 96 OLAP,Rt 327,"17,634",42.4423069,-76.50607649999999,42.4589539,-76.50040899999999,42.4256599,-76.511744
195,Rt 13 - Elmira Rd,County Line,Start 13 34 96 OLAP,"6,773",42.44367414999999,-76.5042493,42.42839439999999,-76.50808959999999,42.4589539,-76.50040899999999
196,Rt 13 - North St,Start 13 38 OLAP,End 13 38 OLAP,"11,202",42.4431689,-76.506298,42.4439614,-76.5018807,42.4423764,-76.5107153
197,Rt 13A - Floral Ave,Ithaca C/L,Rt 79,"5,330",42.42494245,-76.51085334999999,42.4199229,-76.4969344,42.429962,-76.5247723
198,Rt 13A - Floral Ave,13 34 96,Bostwick Rd,"6,094",42.44183625,-76.5399131,42.4609226,-76.5004345,42.4227499,-76.5793917
199,Rt 13A - Floral Ave,Bostwick Rd,Ithaca C/L,"5,264",42.4213364,-76.53816305000001,42.4227499,-76.5793917,42.4199229,-76.4969344
200,Rt 222 - Cortland Rd,Salt Rd,County Line,"2,631",42.518214650000004,-76.4130368,42.5924679,-76.3241929,42.4439614,-76.5018807
201,Rt 222 - Cortland Rd,Rt 38,Salt Rd,"2,375",42.518214650000004,-76.4130368,42.4439614,-76.5018807,42.5924679,-76.3241929
202,Rt 227,Curry Rd,Rt 96,"2,503",42.53435505,-76.67355595000001,42.5264776,-76.6813276,42.5422325,-76.6657843
203,Rt 327 - Enfield Main Rd,Gray Rd,R 79,368,42.417512,-76.6050187,42.4079749,-76.5790757,42.4270491,-76.6309617
204,Rt 327 - Enfield Rd,Rt 13 34 96,Gray Rd,537,42.4334644,-76.53974235,42.4589539,-76.50040899999999,42.4079749,-76.5790757
205,Rt 34 - Auburn Rd,34 34B OLAP,County Line,"2,050",42.49126995,-76.50233155000001,42.5385785,-76.5027824,42.4439614,-76.5018807
206,Rt 34 - East Shore Dr,End 13 34 OLAP,34 34B OlAp,"6,723",42.45993825,-76.50042174999999,42.4609226,-76.5004345,42.4589539,-76.50040899999999
207,Rt 34 - Peruville Rd,Start 34 34B OLAP,End 34 34B OLAP,"6,845",42.543170450000005,-76.44340545,42.5473782,-76.3951711,42.53896270000001,-76.4916398
208,Rt 34 - West Danby Rd,County Line,Newfield Depot Rd,"3,155",42.32509315,-76.53553115,42.2815655,-76.5189662,42.3686208,-76.5520961
209,Rt 34 - West Danby Rd,Station Rd,End 13 34 96 OLAP,"6,280",42.35061775,-76.53957455,42.3189238,-76.52548399999999,42.3823117,-76.5536651
210,Rt 34B - Peruville Rd,Rt 38,Benson Rd,"5,390",42.54358445000001,-76.42664185000001,42.5482062,-76.3616439,42.53896270000001,-76.4916398
211,Rt 34B - Peruville Rd,Benson Rd,34 34B OLAP,"5,397",42.53896270000001,-76.4916398,42.53896270000001,-76.4916398,42.53896270000001,-76.4916398
212,Rt 34B - Ridge Rd,Lansingville Rd,County Line,"2,541",42.5003665,-76.52498080000001,42.5567716,-76.5480809,42.4439614,-76.5018807
213,Rt 34B - Ridge Rd,34 34B OLAP,Lansingville Rd,"5,745",42.50786275,-76.52424495,42.4589539,-76.50040899999999,42.5567716,-76.5480809
214,Rt 366 - Dryden Rd,Forest Home Dr,Start 13 366 OLAP,"6,952",42.4550484,-76.44563765,42.44137320000001,-76.4820781,42.4687236,-76.4091972
215,Rt 366 - Dryden Rd,Rt 366,Forest Home Dr,"5,377",42.44137320000001,-76.4820781,42.44137320000001,-76.4820781,42.44137320000001,-76.4820781
216,Rt 366 - Ithaca Rd,Rt 79,Ithaca T/L,"3,793",42.43930385,-76.47985524999999,42.4410426,-76.47798759999999,42.4375651,-76.4817229
217,Rt 366 - Main St,End 13 366 OLAP,Freeville V/L,"3,343",42.732096350000006,-77.43092874999999,42.99546910000001,-78.45266029999999,42.4687236,-76.4091972
218,Rt 366 - Main St,Freeville V/L,Rt 38,"5,824",42.732096350000006,-77.43092874999999,42.4687236,-76.4091972,42.99546910000001,-78.45266029999999
219,Rt 38 - Dryden-Harford Rd,County Line,13 38 OLAP,"3,549",42.4343488,-76.2478539,42.4343488,-76.2478539,42.4343488,-76.2478539
220,Rt 38 - Freeville Rd,End 13 38 OLAP,Rt 366,"2,596",42.4990583,-76.30921155,42.498813,-76.299365,42.4993036,-76.3190581
221,Rt 38 - Locke Rd,Rt 222,County Line,"1,995",42.4439614,-76.5018807,42.4439614,-76.5018807,42.4439614,-76.5018807
222,Rt 392 - Virgil Rd,Rt 13 38 OLAP,County Line,"1,575",42.4439614,-76.5018807,42.4439614,-76.5018807,42.4439614,-76.5018807
223,Rt 79 - E State St,Ithaca C/L,Cornell St,"6,761",42.439318,-76.4987617,42.439318,-76.4987617,42.439318,-76.4987617
224,Rt 79 - Green St,Fulton St,Corn St,"4,717",42.4383463,-76.50807455,42.4382817,-76.51006009999999,42.4384109,-76.506089
225,Rt 79 - Hector St,Floral Ave,Ithaca T/L,"5,491",42.44258069999999,-76.50852535,42.44119999999999,-76.51517,42.4439614,-76.5018807
226,Rt 79 - Mecklenburg Rd,Ithaca C/L,Rt 327,"4,330",42.435451400000005,-76.56403259999999,42.4199229,-76.4969344,42.4509799,-76.6311308
227,Rt 79 - Seneca St W,Meadow St,Fulton St,"3,240",42.4402198,-76.4991397,42.4402198,-76.4991397,42.4402198,-76.4991397
228,Rt 79 - Seneca St W,Fulton St,Rt 89 96,"3,763",42.4403123,-76.49909085,42.4402198,-76.4991397,42.4404048,-76.499042
229,Count Location,FROM,TO,AADT,42.4439614,-76.5018807,42.4439614,-76.5018807,42.4439614,-76.5018807
230,Rt 79 - Slaterville Rd,County Line,Midline Rd,"3,657",42.40043635,-76.3673994,42.3789467,-76.27238679999999,42.421926,-76.462412
231,Rt 79 - Slaterville Rd,Midline Rd,Brooktondale Rd,"3,914",42.421926,-76.462412,42.421926,-76.462412,42.421926,-76.462412
232,Rt 79 - Slaterville Rd,Brooktondale Rd,Pine Tree Rd,"7,138",42.421926,-76.462412,42.421926,-76.462412,42.421926,-76.462412
233,Rt 79 - Slaterville Rd,Pine Tree Rd,Ithaca C/L,"6,399",42.42092445,-76.47967320000001,42.421926,-76.462412,42.4199229,-76.4969344
234,Rt 79 - State St E,Mitchell St,Seneca / Green Split,"6,811",42.4385866,-76.48872105000001,42.4378566,-76.4782813,42.4393166,-76.4991608
235,Rt 89 - Buffalo St W,Start 13 34 OLAP,Fulton St,"9,133",42.451116999999996,-76.4997789,42.4609226,-76.5004345,42.4413114,-76.4991233
236,Rt 89 - Buffalo St W,Fulton St,End 89 96 OLAP,"15,042",42.4413114,-76.4991233,42.4413114,-76.4991233,42.4413114,-76.4991233
237,Rt 96 - Cliff St,End 89 96 OLAP,Ithaca C/L,"10,881",42.4337714,-76.5068479,42.4476199,-76.5167614,42.4199229,-76.4969344
238,Rt 96 - Trumansburg Rd,Perry City Rd,Halseyville Rd,"5,342",42.511667749999994,-76.6159462,42.49578899999999,-76.59603539999999,42.5275465,-76.635857
239,Rt 96 - Trumansburg Rd,Ithaca C/L,Perry City Rd,"6,209",42.457855949999995,-76.5464849,42.4199229,-76.4969344,42.49578899999999,-76.59603539999999
240,Rt 96 - W Main St,Rt 227,County Line,"4,463",42.562371150000004,-76.6609773,42.4439614,-76.5018807,42.6807809,-76.8200739
241,Rt 96B - Clinton St W,Cayuga St,Rt 13 34 96,"5,737",42.4369167,-76.49955860000001,42.4369167,-76.49955860000001,42.4369167,-76.49955860000001
242,Rt 96B - Danby Rd,Michigan Hollow Rd,King Rd E,"4,105",42.378938,-76.49108915,42.3499176,-76.4790532,42.4079584,-76.50312509999999
243,Rt 96B - Danby Rd,King Rd,Ithaca C/L,"7,870",42.3562309,-76.450039,42.4079584,-76.50312509999999,42.3045034,-76.3969529
244,Sebring Rd,Test Rd,Trumbulls Cor Rd,392,42.32010005,-76.5516939,42.347204,-76.629683,42.2929961,-76.4737048
245,Sebring Rd,Rt 13,Test Rd,352,42.338022499999994,-76.63802294999999,42.328841,-76.6463629,42.347204,-76.629683
246,Seneca Rd,Covert T/L,Trumansburg V/L,509,42.45070235,-76.51334795,42.4439614,-76.5018807,42.4574433,-76.5248152
247,Seneca St W,Geneva St,Albany St,"10,837",42.4403356,-76.5012744,42.4403511,-76.5007834,42.4403201,-76.5017654
248,Seneca St W,Geneva St,Cayuga St,"9,742",42.4403778,-76.49992375,42.4403511,-76.5007834,42.4404045,-76.4990641
249,Seneca St W,Plain St N,Albany St N,"5,458",42.440285349999996,-76.50287,42.4402506,-76.50397459999999,42.4403201,-76.5017654
250,Seneca St W,Plain St N,Corn St N,"5,941",42.44021725,-76.50507625,42.4402506,-76.50397459999999,42.44018390000001,-76.5061779
251,Sheldon Rd,Neimi Rd,Rt 34B,565,42.5245297,-76.41488365,42.5022522,-76.4134036,42.5468072,-76.41636369999999
252,Shelter Valley Rd,End,Crestview Rd,318,42.36445155,-76.47730485,42.435907,-76.4809049,42.2929961,-76.4737048
253,Shelter Valley Rd,Crestview Ln,End,493,42.40494344999999,-76.5190809,42.37397989999999,-76.5572569,42.435907,-76.4809049
254,South St Ext,Podunk Rd,Penn Ave,600,42.52404195,-76.6625409,42.522717,-76.6626369,42.52536689999999,-76.6624449
255,Southworth St,Lake Rd,Dryden V/L,128,42.44301575,-76.4931977,42.4439614,-76.5018807,42.4420701,-76.4845147
256,Spencer Rd,Stone Quarry Rd,Traffic Circle,"3,925",42.435710549999996,-76.50385985,42.4274597,-76.505839,42.4439614,-76.5018807
257,Spencer St,Traffic Circle,Cayuga St,"8,813",42.43928944999999,-76.50037345000001,42.4439614,-76.5018807,42.43461749999999,-76.49886620000001
258,Springhouse Rd,Rt 13,Rt 38,"2,125",42.49436865,-76.31381085,42.4900195,-76.31356079999999,42.4987178,-76.3140609
259,State St,Meadow St,Fulton St,"6,302",42.439229,-76.5094151,42.439253,-76.5083392,42.439205,-76.510491
260,State St,Albany St,Meadow St,"2,104",42.439356000000004,-76.5050301,42.439459,-76.50172100000002,42.439253,-76.5083392
261,State St,Cayuga St,Albany St,"1,214",42.439497,-76.500371,42.439535,-76.499021,42.439459,-76.50172100000002
262,State St,Aurora St,Seneca / Green Split,"6,431",42.43739874999999,-76.50385675,42.434878,-76.494619,42.43991949999999,-76.5130945
263,Station Rd,34 96,Bald Hill Rd,169,42.3798417,-76.50176115,42.4410427,-76.5084255,42.3186407,-76.4950968
264,Stevens Rd,Rt 38,Lick St,134,42.5630552,-76.353364,42.5627891,-76.36423889999999,42.5633213,-76.34248910000001
265,Stevens Rd,Champlin Rd,School St,704,42.5040587,-76.4006647,42.564156,-76.2994487,42.4439614,-76.5018807
266,Stewart Ave,University Ave,Willard Way,"2,974",42.449864,-76.49058545,42.449279,-76.4903449,42.450449,-76.490826
267,Stewart Ave,State St,South Ave,"6,577",42.44353755,-76.49000720000001,42.439274,-76.48968500000001,42.4478011,-76.4903294
268,Stewart Ave,Willard Way,Ithaca C/L,"2,211",42.435185950000005,-76.4938802,42.450449,-76.490826,42.4199229,-76.4969344
269,Stone Quarry Rd,Ithaca C/L,Spencer Rd,"3,369",42.4236913,-76.5013867,42.4199229,-76.4969344,42.4274597,-76.505839
270,Stone Quarry Rd,King Rd,Ithaca C/L,"3,782",42.414986899999995,-76.50207714999999,42.41005089999999,-76.5072199,42.4199229,-76.4969344
271,Third St,Meadow St N,End,649,42.4467886,-76.5074023,42.4457605,-76.5085526,42.4478167,-76.506252
272,Thurston Ave,Barton Pl,University Ave,"5,699",42.452534650000004,-76.48509225000001,42.4537773,-76.4880974,42.451292,-76.4820871
273,Tioga St,Tompkins St,Lincoln St,"1,717",42.450242900000006,-76.49742395000001,42.4484319,-76.49730500000001,42.4520539,-76.49754290000001
274,Tioga St,State St,Tompkins st,818,42.44402045,-76.49705595,42.439609,-76.4968069,42.4484319,-76.49730500000001
275,Count Location,FROM,TO,AADT,42.4439614,-76.5018807,42.4439614,-76.5018807,42.4439614,-76.5018807
276,Town Line Rd,Sand Bank Rd,Danby T/L,181,42.3618546,-76.48489359999999,42.4057382,-76.5280003,42.317971,-76.4417869
277,Triphammer Rd,Wait Ave,Jessuo Rd,"4,335",42.455413400000005,-76.48139499999999,42.45452290000001,-76.481487,42.4563039,-76.481303
278,Triphammer Rd,Hanshaw Rd,Ithaca T/L,"8,377",42.4660077,-76.48170640000001,42.4700772,-76.4803153,42.4619382,-76.4830975
279,Triphammer Rd,Jessup Rd,Hanshaw Rd,"1,718",42.46319055,-76.48080915,42.4563039,-76.481303,42.4700772,-76.4803153
280,Trumbulls Cor Rd,Rt 13,Blovsky Hill Rd,855,42.367686250000006,-76.49221005,42.4423764,-76.5107153,42.2929961,-76.4737048
281,Trumbulls Cor Rd,Newfield T/L,Connecticut Hill Rd,696,42.40240515,-76.59076265,42.4439614,-76.5018807,42.3608489,-76.6796446
282,Trumbulls Cor Rd,Bolvsky Hill Rd,Newfield T/L,696,42.36847875,-76.48779275,42.2929961,-76.4737048,42.4439614,-76.5018807
283,Trumbulls Cor Rd,Main St,Rt 13,"1,906",42.4431689,-76.506298,42.4439614,-76.5018807,42.4423764,-76.5107153
284,Tuaghannock Park Rd,Rt 96,Rt 89,379,42.5385616,-76.62082195,42.5302189,-76.63724100000002,42.5469043,-76.6044029
285,Turkey Hill Rd,Ellis Hollow Rd,Stevenson Rd,"1,959",42.4378276,-76.428562,42.4307642,-76.42809299999999,42.444891,-76.42903100000001
286,University Ave,Lake St,East Ave,"4,980",42.4504947,-76.48709185,42.4496974,-76.4920966,42.451292,-76.4820871
287,University Ave,Linn St,Lake St,"2,361",42.446526,-76.49328034999999,42.4433546,-76.4944641,42.4496974,-76.4920966
288,Upper Creek Rd,Etna Rd,Rt 366,"1,496",42.4921593,-76.37791909999999,42.488055,-76.3848544,42.4962636,-76.37098379999999
289,Upper Creek Rd,Etna Rd,Rt 366,454,42.4921593,-76.37791909999999,42.488055,-76.3848544,42.4962636,-76.37098379999999
290,Valley Rd,Burns Rd,White Church Rd,943,42.378107150000005,-76.42277215,42.4091943,-76.4565359,42.34702,-76.3890084
291,Valley Rd,Elm St,Brooktondale Rd,"1,096",42.41316125,-76.46407855,42.4377532,-76.5199521,42.3885693,-76.408205
292,Wait Ave,Triphammer Rd,Thurston Ave,494,42.4540499,-76.48325,42.45452290000001,-76.481487,42.4535769,-76.485013
293,Walding Ln,Rt 34 96,End,11,42.37432115,-76.51097095,42.3046809,-76.5200612,42.4439614,-76.5018807
294,Walpole Rd,Groton V/L,Rt 38,488,42.52193535,-76.43623145000001,42.4439614,-76.5018807,42.5999093,-76.3705822
295,Warren Rd,Hanshaw Rd,Lansing V/L,"5,789",42.45553945,-76.48395385,42.4671175,-76.46602700000001,42.4439614,-76.5018807
296,Warren Rd,Forest Home Dr,Hanshaw Rd,"2,612",42.45956275,-76.46721350000001,42.452008,-76.4684,42.4671175,-76.46602700000001
297,Warren Rd,Ithaca T/L,Rt 13,"6,519",42.463070599999995,-76.48460370000001,42.4439614,-76.5018807,42.4821798,-76.4673267
298,Warren Rd,Rt 13,Asbury Rd,"3,850",42.50347305,-76.46999955,42.4821798,-76.4673267,42.5247663,-76.4726724
299,Waterburg Rd,Brook Rd,Indian Fort Rd,267,42.49998190000001,-76.58251990000001,42.4919779,-76.488028,42.50798590000001,-76.67701180000002
300,West Cortland St,Main St,Walpole St,488,42.5177216,-76.43768605,42.4439614,-76.5018807,42.5914818,-76.3734914
301,West Dryden Rd,Sheldon Rd,Caswell Rd,"2,525",42.51762495,-76.39495395,42.5170693,-76.4144638,42.5181806,-76.3754441
302,West Dryden Rd,Asbury Rd,Sheldon Rd,"2,019",42.5166342,-76.42765234999999,42.5161991,-76.4408409,42.5170693,-76.4144638
303,West Dryden Rd,Caswell Rd,Rt 38,"2,155",42.51846675,-76.3650762,42.5181806,-76.3754441,42.5187529,-76.3547083
304,West Dryden Rd,Dryden T/L,Asbury Rd,"1,271",42.4789173,-76.4626658,42.4416355,-76.4844907,42.5161991,-76.4408409
305,West Groton Rd,Lansing T/L,Spring St Ext,428,42.5176153,-76.44236674999999,42.4439614,-76.5018807,42.5912692,-76.3828528
306,West Lake Rd,Rt 38,Lake Rd,155,42.6740297,-76.52343545,42.904098,-76.5449902,42.4439614,-76.5018807
